Namespace(seed=42, output_dir='./logs', demo=False, pretrained=False, train_lr=0.01, root='/home/lgd/Desktop/SNNFL/datasets', dataset='CIFAR10', num_workers=2, batch_size=64, num_sen=64, defense='none', attack='gs', percent_num=70, layer_num=6, noise_name='Gaussian', loc=0.0, scale=0.01, per_adv=1, dcs_iter=1000, dcs_lr=0.1, lambda_xsim=0.01, lambda_zsim=0.01, epsilon=0.01, early_stop=True, xsim_thr=150.0, lambda_y=0.7, project=True, startpoint='none', mixup=True, precode_size=256, beta=0.001, aug_list='21-13-3+7-4-15', method='iid', TotalDevNum=10, DevNum=6, n_data=2000, Pro_dev=5, device_id=1)
Currently evaluating -------------------------------:
CPUs: 24, GPUs: 1 on ubuntu.
GPU : NVIDIA GeForce RTX 4090
1
cuda:1
Namespace(seed=42, output_dir='./logs', demo=False, pretrained=False, train_lr=0.01, root='/home/lgd/Desktop/SNNFL/datasets', dataset='CIFAR10', num_workers=2, batch_size=64, num_sen=64, defense='none', attack='gs', percent_num=70, layer_num=6, noise_name='Gaussian', loc=0.0, scale=0.01, per_adv=1, dcs_iter=1000, dcs_lr=0.1, lambda_xsim=0.01, lambda_zsim=0.01, epsilon=0.01, early_stop=True, xsim_thr=150.0, lambda_y=0.7, project=True, startpoint='none', mixup=True, precode_size=256, beta=0.001, aug_list='21-13-3+7-4-15', method='iid', TotalDevNum=10, DevNum=6, n_data=2000, Pro_dev=5, device_id=1)
Currently evaluating -------------------------------:
CPUs: 24, GPUs: 1 on ubuntu.
GPU : NVIDIA GeForce RTX 4090
Namespace(seed=42, output_dir='./logs', demo=False, pretrained=False, train_lr=0.01, root='/home/lgd/Desktop/SNNFL/datasets', dataset='CIFAR10', num_workers=2, batch_size=64, num_sen=64, defense='none', attack='gs', percent_num=70, layer_num=6, noise_name='Gaussian', loc=0.0, scale=0.01, per_adv=1, dcs_iter=1000, dcs_lr=0.1, lambda_xsim=0.01, lambda_zsim=0.01, epsilon=0.01, early_stop=True, xsim_thr=150.0, lambda_y=0.7, project=True, startpoint='none', mixup=True, precode_size=256, beta=0.001, aug_list='21-13-3+7-4-15', method='iid', TotalDevNum=8, DevNum=6, n_data=2000, Pro_dev=5, device_id=-1)
Currently evaluating -------------------------------:
CPUs: 24, GPUs: 1 on ubuntu.
GPU : NVIDIA GeForce RTX 4090
Device  6 	 Train loss 2.2614 	 LR 0.0099 	 Train images 1562 	 Round   1
Device  6 	 Train loss 2.0557 	 LR 0.0098 	 Train images 1562 	 Round   2
Device  6 	 Train loss 1.8822 	 LR 0.0097 	 Train images 1562 	 Round   3
Device  6 	 Train loss 1.6929 	 LR 0.0094 	 Train images 1562 	 Round   6
Device  6 	 Train loss 1.4943 	 LR 0.0093 	 Train images 1562 	 Round   7
Device  6 	 Train loss 1.4230 	 LR 0.0091 	 Train images 1562 	 Round   9
Device  6 	 Train loss 1.2648 	 LR 0.0090 	 Train images 1562 	 Round  10
Device  6 	 Train loss 1.2478 	 LR 0.0090 	 Train images 1562 	 Round  11
Device  6 	 Train loss 1.2457 	 LR 0.0088 	 Train images 1562 	 Round  13
Device  6 	 Train loss 1.1213 	 LR 0.0087 	 Train images 1562 	 Round  14
Device  6 	 Train loss 0.9936 	 LR 0.0086 	 Train images 1562 	 Round  15
Device  6 	 Train loss 1.0323 	 LR 0.0085 	 Train images 1562 	 Round  16
Device  6 	 Train loss 0.8489 	 LR 0.0084 	 Train images 1562 	 Round  17
Device  6 	 Train loss 0.8353 	 LR 0.0083 	 Train images 1562 	 Round  18
Device  6 	 Train loss 0.6859 	 LR 0.0083 	 Train images 1562 	 Round  19
Device  6 	 Train loss 0.6248 	 LR 0.0082 	 Train images 1562 	 Round  20
Device  6 	 Train loss 0.5761 	 LR 0.0081 	 Train images 1562 	 Round  21
Device  6 	 Train loss 0.6562 	 LR 0.0079 	 Train images 1562 	 Round  23
Device  6 	 Train loss 0.6181 	 LR 0.0079 	 Train images 1562 	 Round  24
Device  6 	 Train loss 0.5665 	 LR 0.0077 	 Train images 1562 	 Round  26
Device  6 	 Train loss 0.6100 	 LR 0.0075 	 Train images 1562 	 Round  28
Device  6 	 Train loss 0.3422 	 LR 0.0075 	 Train images 1562 	 Round  29
Device  6 	 Train loss 0.0616 	 LR 0.0010 	 Train images 1562 	 Round  30
Device  6 	 Train loss 0.0480 	 LR 0.0010 	 Train images 1562 	 Round  31
Device  6 	 Train loss 0.0424 	 LR 0.0010 	 Train images 1562 	 Round  32
Device  6 	 Train loss 0.0426 	 LR 0.0010 	 Train images 1562 	 Round  33
Device  6 	 Train loss 0.0371 	 LR 0.0010 	 Train images 1562 	 Round  34
Device  6 	 Train loss 0.0389 	 LR 0.0010 	 Train images 1562 	 Round  35
Device  6 	 Train loss 0.0301 	 LR 0.0009 	 Train images 1562 	 Round  36
Device  6 	 Train loss 0.0372 	 LR 0.0009 	 Train images 1562 	 Round  37
Device  6 	 Train loss 0.0303 	 LR 0.0009 	 Train images 1562 	 Round  38
Device  6 	 Train loss 0.0263 	 LR 0.0009 	 Train images 1562 	 Round  41
Device  6 	 Train loss 0.0300 	 LR 0.0009 	 Train images 1562 	 Round  43
Device  6 	 Train loss 0.0243 	 LR 0.0009 	 Train images 1562 	 Round  44
Device  6 	 Train loss 0.0251 	 LR 0.0009 	 Train images 1562 	 Round  45
Device  6 	 Train loss 0.0240 	 LR 0.0009 	 Train images 1562 	 Round  46
Device  6 	 Train loss 0.0255 	 LR 0.0008 	 Train images 1562 	 Round  47
Device  6 	 Train loss 0.0209 	 LR 0.0008 	 Train images 1562 	 Round  48
Device  6 	 Train loss 0.0212 	 LR 0.0008 	 Train images 1562 	 Round  49
Device  6 	 Train loss 0.0200 	 LR 0.0008 	 Train images 1562 	 Round  51
Device  6 	 Train loss 0.0232 	 LR 0.0008 	 Train images 1562 	 Round  52
Device  6 	 Train loss 0.0171 	 LR 0.0008 	 Train images 1562 	 Round  53
Device  6 	 Train loss 0.0176 	 LR 0.0008 	 Train images 1562 	 Round  55
Device  6 	 Train loss 0.0186 	 LR 0.0008 	 Train images 1562 	 Round  56
Device  6 	 Train loss 0.0154 	 LR 0.0008 	 Train images 1562 	 Round  58
Device  6 	 Train loss 0.0162 	 LR 0.0007 	 Train images 1562 	 Round  59
Device  6 	 Train loss 0.0162 	 LR 0.0007 	 Train images 1562 	 Round  60
Device  6 	 Train loss 0.0156 	 LR 0.0007 	 Train images 1562 	 Round  61
Device  6 	 Train loss 0.0173 	 LR 0.0007 	 Train images 1562 	 Round  62
Device  6 	 Train loss 0.0197 	 LR 0.0007 	 Train images 1562 	 Round  63
Device  6 	 Train loss 0.0152 	 LR 0.0007 	 Train images 1562 	 Round  64
Device  6 	 Train loss 0.0151 	 LR 0.0007 	 Train images 1562 	 Round  65
Device  6 	 Train loss 0.0156 	 LR 0.0007 	 Train images 1562 	 Round  66
Device  6 	 Train loss 0.0179 	 LR 0.0007 	 Train images 1562 	 Round  67
Device  6 	 Train loss 0.0146 	 LR 0.0007 	 Train images 1562 	 Round  68
Device  6 	 Train loss 0.0150 	 LR 0.0007 	 Train images 1562 	 Round  69
Device  6 	 Train loss 0.0107 	 LR 0.0007 	 Train images 1562 	 Round  71
Device  6 	 Train loss 0.0109 	 LR 0.0007 	 Train images 1562 	 Round  72
Device  6 	 Train loss 0.0125 	 LR 0.0006 	 Train images 1562 	 Round  74
Device  6 	 Train loss 0.0142 	 LR 0.0006 	 Train images 1562 	 Round  76
Device  6 	 Train loss 0.0096 	 LR 0.0006 	 Train images 1562 	 Round  77
Device  6 	 Train loss 0.0113 	 LR 0.0006 	 Train images 1562 	 Round  78
Device  6 	 Train loss 0.0124 	 LR 0.0006 	 Train images 1562 	 Round  79
Device  6 	 Train loss 0.0103 	 LR 0.0006 	 Train images 1562 	 Round  80
Device  6 	 Train loss 0.0113 	 LR 0.0006 	 Train images 1562 	 Round  81
Device  6 	 Train loss 0.0098 	 LR 0.0006 	 Train images 1562 	 Round  82
Device  6 	 Train loss 0.0108 	 LR 0.0006 	 Train images 1562 	 Round  83
Device  6 	 Train loss 0.0110 	 LR 0.0006 	 Train images 1562 	 Round  84
Device  6 	 Train loss 0.0115 	 LR 0.0006 	 Train images 1562 	 Round  85
Device  6 	 Train loss 0.0106 	 LR 0.0006 	 Train images 1562 	 Round  86
Device  6 	 Train loss 0.0097 	 LR 0.0006 	 Train images 1562 	 Round  87
Device  6 	 Train loss 0.0102 	 LR 0.0006 	 Train images 1562 	 Round  89
Device  6 	 Train loss 0.0097 	 LR 0.0005 	 Train images 1562 	 Round  90
Device  6 	 Train loss 0.0117 	 LR 0.0005 	 Train images 1562 	 Round  91
Device  6 	 Train loss 0.0079 	 LR 0.0005 	 Train images 1562 	 Round  92
Device  6 	 Train loss 0.0097 	 LR 0.0005 	 Train images 1562 	 Round  93
Device  6 	 Train loss 0.0100 	 LR 0.0005 	 Train images 1562 	 Round  94
Device  6 	 Train loss 0.0121 	 LR 0.0005 	 Train images 1562 	 Round  95
Device  6 	 Train loss 0.0083 	 LR 0.0005 	 Train images 1562 	 Round  97
Device  6 	 Train loss 0.0079 	 LR 0.0005 	 Train images 1562 	 Round  98
Device  6 	 Train loss 0.0076 	 LR 0.0005 	 Train images 1562 	 Round 100
Device  6 	 Train loss 0.0104 	 LR 0.0005 	 Train images 1562 	 Round 101
Device  6 	 Train loss 0.0116 	 LR 0.0005 	 Train images 1562 	 Round 102
Device  6 	 Train loss 0.0096 	 LR 0.0005 	 Train images 1562 	 Round 104
Device  6 	 Train loss 0.0085 	 LR 0.0005 	 Train images 1562 	 Round 105
Device  6 	 Train loss 0.0080 	 LR 0.0005 	 Train images 1562 	 Round 106
Device  6 	 Train loss 0.0091 	 LR 0.0005 	 Train images 1562 	 Round 107
Device  6 	 Train loss 0.0102 	 LR 0.0005 	 Train images 1562 	 Round 109
Device  6 	 Train loss 0.0084 	 LR 0.0004 	 Train images 1562 	 Round 110
Device  6 	 Train loss 0.0088 	 LR 0.0004 	 Train images 1562 	 Round 111
Device  6 	 Train loss 0.0079 	 LR 0.0004 	 Train images 1562 	 Round 112
Device  6 	 Train loss 0.0078 	 LR 0.0004 	 Train images 1562 	 Round 113
Device  6 	 Train loss 0.0080 	 LR 0.0004 	 Train images 1562 	 Round 115
Device  6 	 Train loss 0.0084 	 LR 0.0004 	 Train images 1562 	 Round 116
Device  6 	 Train loss 0.0087 	 LR 0.0004 	 Train images 1562 	 Round 117
Device  6 	 Train loss 0.0073 	 LR 0.0004 	 Train images 1562 	 Round 119
Device  6 	 Train loss 0.0123 	 LR 0.0004 	 Train images 1562 	 Round 120
Device  6 	 Train loss 0.0074 	 LR 0.0004 	 Train images 1562 	 Round 121
Device  6 	 Train loss 0.0089 	 LR 0.0004 	 Train images 1562 	 Round 122
Device  6 	 Train loss 0.0071 	 LR 0.0004 	 Train images 1562 	 Round 124
Device  6 	 Train loss 0.0081 	 LR 0.0004 	 Train images 1562 	 Round 125
Namespace(seed=42, output_dir='./logs', demo=False, pretrained=False, train_lr=0.01, root='/home/lgd/Desktop/SNNFL/datasets', dataset='CIFAR10', num_workers=2, batch_size=64, num_sen=64, defense='none', attack='gs', percent_num=70, layer_num=6, noise_name='Gaussian', loc=0.0, scale=0.01, per_adv=1, dcs_iter=1000, dcs_lr=0.1, lambda_xsim=0.01, lambda_zsim=0.01, epsilon=0.01, early_stop=True, xsim_thr=150.0, lambda_y=0.7, project=True, startpoint='none', mixup=True, precode_size=256, beta=0.001, aug_list='21-13-3+7-4-15', method='iid', TotalDevNum=10, DevNum=6, n_data=2000, Pro_dev=5, device_id=-1)
Currently evaluating -------------------------------:
CPUs: 24, GPUs: 1 on ubuntu.
GPU : NVIDIA GeForce RTX 4090
Device  6 	 Train loss 2.3923 	 LR 0.0099 	 Train images 1250 	 Round   1
Device  6 	 Train loss 2.0998 	 LR 0.0098 	 Train images 1250 	 Round   2
Device  6 	 Train loss 1.8388 	 LR 0.0097 	 Train images 1250 	 Round   3
Device  6 	 Train loss 1.7039 	 LR 0.0096 	 Train images 1250 	 Round   4
Device  6 	 Train loss 1.6118 	 LR 0.0095 	 Train images 1250 	 Round   5
Device  6 	 Train loss 1.5892 	 LR 0.0094 	 Train images 1250 	 Round   6
Device  6 	 Train loss 1.4132 	 LR 0.0093 	 Train images 1250 	 Round   7
Device  6 	 Train loss 1.3744 	 LR 0.0092 	 Train images 1250 	 Round   8
Device  6 	 Train loss 1.2295 	 LR 0.0091 	 Train images 1250 	 Round   9
Device  6 	 Train loss 1.1617 	 LR 0.0090 	 Train images 1250 	 Round  10
Device  6 	 Train loss 1.0551 	 LR 0.0090 	 Train images 1250 	 Round  11
Device  6 	 Train loss 0.9378 	 LR 0.0089 	 Train images 1250 	 Round  12
Device  6 	 Train loss 0.8934 	 LR 0.0088 	 Train images 1250 	 Round  13
Device  6 	 Train loss 0.8090 	 LR 0.0087 	 Train images 1250 	 Round  14
Device  6 	 Train loss 0.7583 	 LR 0.0086 	 Train images 1250 	 Round  15
Device  6 	 Train loss 0.7155 	 LR 0.0085 	 Train images 1250 	 Round  16
Device  6 	 Train loss 0.6041 	 LR 0.0084 	 Train images 1250 	 Round  17
Device  6 	 Train loss 0.5403 	 LR 0.0083 	 Train images 1250 	 Round  18
Device  6 	 Train loss 0.5694 	 LR 0.0083 	 Train images 1250 	 Round  19
Device  6 	 Train loss 0.4366 	 LR 0.0082 	 Train images 1250 	 Round  20
Device  6 	 Train loss 0.4284 	 LR 0.0081 	 Train images 1250 	 Round  21
Device  6 	 Train loss 0.4404 	 LR 0.0080 	 Train images 1250 	 Round  22
Device  6 	 Train loss 0.3151 	 LR 0.0079 	 Train images 1250 	 Round  23
Device  6 	 Train loss 0.2247 	 LR 0.0079 	 Train images 1250 	 Round  24
Device  6 	 Train loss 0.2008 	 LR 0.0078 	 Train images 1250 	 Round  25
Device  6 	 Train loss 0.2107 	 LR 0.0077 	 Train images 1250 	 Round  26
Device  6 	 Train loss 0.3178 	 LR 0.0076 	 Train images 1250 	 Round  27
Device  6 	 Train loss 0.2709 	 LR 0.0075 	 Train images 1250 	 Round  28
Device  6 	 Train loss 0.2184 	 LR 0.0075 	 Train images 1250 	 Round  29
Device  6 	 Train loss 0.0415 	 LR 0.0010 	 Train images 1250 	 Round  30
Device  6 	 Train loss 0.0330 	 LR 0.0010 	 Train images 1250 	 Round  31
Device  6 	 Train loss 0.0236 	 LR 0.0010 	 Train images 1250 	 Round  32
Device  6 	 Train loss 0.0240 	 LR 0.0010 	 Train images 1250 	 Round  33
Device  6 	 Train loss 0.0244 	 LR 0.0010 	 Train images 1250 	 Round  34
Device  6 	 Train loss 0.0202 	 LR 0.0010 	 Train images 1250 	 Round  35
Device  6 	 Train loss 0.0181 	 LR 0.0009 	 Train images 1250 	 Round  36
Device  6 	 Train loss 0.0139 	 LR 0.0009 	 Train images 1250 	 Round  37
Device  6 	 Train loss 0.0189 	 LR 0.0009 	 Train images 1250 	 Round  38
Device  6 	 Train loss 0.0161 	 LR 0.0009 	 Train images 1250 	 Round  39
Device  6 	 Train loss 0.0178 	 LR 0.0009 	 Train images 1250 	 Round  40
Device  6 	 Train loss 0.0157 	 LR 0.0009 	 Train images 1250 	 Round  41
Device  6 	 Train loss 0.0146 	 LR 0.0009 	 Train images 1250 	 Round  42
Device  6 	 Train loss 0.0154 	 LR 0.0009 	 Train images 1250 	 Round  43
Device  6 	 Train loss 0.0115 	 LR 0.0009 	 Train images 1250 	 Round  44
Device  6 	 Train loss 0.0115 	 LR 0.0009 	 Train images 1250 	 Round  45
Device  6 	 Train loss 0.0111 	 LR 0.0009 	 Train images 1250 	 Round  46
Device  6 	 Train loss 0.0147 	 LR 0.0008 	 Train images 1250 	 Round  47
Device  6 	 Train loss 0.0104 	 LR 0.0008 	 Train images 1250 	 Round  48
Device  6 	 Train loss 0.0116 	 LR 0.0008 	 Train images 1250 	 Round  49
Device  6 	 Train loss 0.0109 	 LR 0.0008 	 Train images 1250 	 Round  50
Device  6 	 Train loss 0.0103 	 LR 0.0008 	 Train images 1250 	 Round  51
Device  6 	 Train loss 0.0111 	 LR 0.0008 	 Train images 1250 	 Round  52
Device  6 	 Train loss 0.0101 	 LR 0.0008 	 Train images 1250 	 Round  53
Device  6 	 Train loss 0.0112 	 LR 0.0008 	 Train images 1250 	 Round  54
Device  6 	 Train loss 0.0086 	 LR 0.0008 	 Train images 1250 	 Round  55
Device  6 	 Train loss 0.0084 	 LR 0.0008 	 Train images 1250 	 Round  56
Device  6 	 Train loss 0.0104 	 LR 0.0008 	 Train images 1250 	 Round  57
Device  6 	 Train loss 0.0090 	 LR 0.0008 	 Train images 1250 	 Round  58
Device  6 	 Train loss 0.0082 	 LR 0.0007 	 Train images 1250 	 Round  59
Device  6 	 Train loss 0.0082 	 LR 0.0007 	 Train images 1250 	 Round  60
Device  6 	 Train loss 0.0070 	 LR 0.0007 	 Train images 1250 	 Round  61
Device  6 	 Train loss 0.0104 	 LR 0.0007 	 Train images 1250 	 Round  62
Device  6 	 Train loss 0.0093 	 LR 0.0007 	 Train images 1250 	 Round  63
Device  6 	 Train loss 0.0086 	 LR 0.0007 	 Train images 1250 	 Round  64
Device  6 	 Train loss 0.0085 	 LR 0.0007 	 Train images 1250 	 Round  65
Device  6 	 Train loss 0.0090 	 LR 0.0007 	 Train images 1250 	 Round  66
Device  6 	 Train loss 0.0075 	 LR 0.0007 	 Train images 1250 	 Round  67
Device  6 	 Train loss 0.0080 	 LR 0.0007 	 Train images 1250 	 Round  68
Device  6 	 Train loss 0.0071 	 LR 0.0007 	 Train images 1250 	 Round  69
Device  6 	 Train loss 0.0081 	 LR 0.0007 	 Train images 1250 	 Round  70
Device  6 	 Train loss 0.0067 	 LR 0.0007 	 Train images 1250 	 Round  71
Device  6 	 Train loss 0.0078 	 LR 0.0007 	 Train images 1250 	 Round  72
Device  6 	 Train loss 0.0080 	 LR 0.0006 	 Train images 1250 	 Round  73
Device  6 	 Train loss 0.0090 	 LR 0.0006 	 Train images 1250 	 Round  74
Device  6 	 Train loss 0.0079 	 LR 0.0006 	 Train images 1250 	 Round  75
Device  6 	 Train loss 0.0066 	 LR 0.0006 	 Train images 1250 	 Round  76
Device  6 	 Train loss 0.0060 	 LR 0.0006 	 Train images 1250 	 Round  77
Device  6 	 Train loss 0.0075 	 LR 0.0006 	 Train images 1250 	 Round  78
Device  6 	 Train loss 0.0073 	 LR 0.0006 	 Train images 1250 	 Round  79
Device  6 	 Train loss 0.0070 	 LR 0.0006 	 Train images 1250 	 Round  80
Device  6 	 Train loss 0.0062 	 LR 0.0006 	 Train images 1250 	 Round  81
Device  6 	 Train loss 0.0068 	 LR 0.0006 	 Train images 1250 	 Round  82
Device  6 	 Train loss 0.0068 	 LR 0.0006 	 Train images 1250 	 Round  83
Device  6 	 Train loss 0.0072 	 LR 0.0006 	 Train images 1250 	 Round  84
Device  6 	 Train loss 0.0056 	 LR 0.0006 	 Train images 1250 	 Round  85
Device  6 	 Train loss 0.0064 	 LR 0.0006 	 Train images 1250 	 Round  86
Device  6 	 Train loss 0.0059 	 LR 0.0006 	 Train images 1250 	 Round  87
Device  6 	 Train loss 0.0050 	 LR 0.0006 	 Train images 1250 	 Round  88
Device  6 	 Train loss 0.0053 	 LR 0.0006 	 Train images 1250 	 Round  89
Device  6 	 Train loss 0.0055 	 LR 0.0005 	 Train images 1250 	 Round  90
Device  6 	 Train loss 0.0057 	 LR 0.0005 	 Train images 1250 	 Round  91
Device  6 	 Train loss 0.0060 	 LR 0.0005 	 Train images 1250 	 Round  92
Device  6 	 Train loss 0.0054 	 LR 0.0005 	 Train images 1250 	 Round  93
Device  6 	 Train loss 0.0074 	 LR 0.0005 	 Train images 1250 	 Round  94
Device  6 	 Train loss 0.0081 	 LR 0.0005 	 Train images 1250 	 Round  95
Device  6 	 Train loss 0.0059 	 LR 0.0005 	 Train images 1250 	 Round  96
Device  6 	 Train loss 0.0051 	 LR 0.0005 	 Train images 1250 	 Round  97
Device  6 	 Train loss 0.0050 	 LR 0.0005 	 Train images 1250 	 Round  98
Device  6 	 Train loss 0.0059 	 LR 0.0005 	 Train images 1250 	 Round  99
Device  6 	 Train loss 0.0042 	 LR 0.0005 	 Train images 1250 	 Round 100
Defense none on Dataset CIFAR10.
Finished computations with time: 0:12:27.252281

Namespace(seed=42, output_dir='./logs', demo=False, pretrained=False, train_lr=0.01, root='/home/lgd/Desktop/SNNFL/datasets', dataset='CIFAR10', num_workers=2, batch_size=64, num_sen=64, defense='none', attack='gs', percent_num=70, layer_num=6, noise_name='Gaussian', loc=0.0, scale=0.01, per_adv=1, dcs_iter=1000, dcs_lr=0.1, lambda_xsim=0.01, lambda_zsim=0.01, epsilon=0.01, early_stop=True, xsim_thr=150.0, lambda_y=0.7, project=True, startpoint='none', mixup=True, precode_size=256, beta=0.001, aug_list='21-13-3+7-4-15', method='iid', TotalDevNum=10, DevNum=6, n_data=2000, Pro_dev=5, device_id=-1)
Currently evaluating -------------------------------:
CPUs: 24, GPUs: 1 on ubuntu.
GPU : NVIDIA GeForce RTX 4090
Device  6 	 Train loss 2.3460 	 LR 0.0099 	 Train images 1250 	 Round   1
Device  6 	 Train loss 2.1115 	 LR 0.0098 	 Train images 1250 	 Round   2
Device  6 	 Train loss 1.9650 	 LR 0.0097 	 Train images 1250 	 Round   3
Device  6 	 Train loss 1.7923 	 LR 0.0096 	 Train images 1250 	 Round   4
Device  6 	 Train loss 1.8545 	 LR 0.0095 	 Train images 1250 	 Round   5
Device  6 	 Train loss 1.8122 	 LR 0.0094 	 Train images 1250 	 Round   6
Device  6 	 Train loss 1.6439 	 LR 0.0093 	 Train images 1250 	 Round   7
Device  6 	 Train loss 1.6139 	 LR 0.0092 	 Train images 1250 	 Round   8
Device  6 	 Train loss 1.5078 	 LR 0.0091 	 Train images 1250 	 Round   9
Device  6 	 Train loss 1.4911 	 LR 0.0090 	 Train images 1250 	 Round  10
Device  6 	 Train loss 1.4308 	 LR 0.0090 	 Train images 1250 	 Round  11
Device  6 	 Train loss 1.3872 	 LR 0.0089 	 Train images 1250 	 Round  12
Device  6 	 Train loss 1.3459 	 LR 0.0088 	 Train images 1250 	 Round  13
Device  6 	 Train loss 1.3782 	 LR 0.0087 	 Train images 1250 	 Round  14
Device  6 	 Train loss 1.3165 	 LR 0.0086 	 Train images 1250 	 Round  15
Device  6 	 Train loss 1.2927 	 LR 0.0085 	 Train images 1250 	 Round  16
Device  6 	 Train loss 1.2219 	 LR 0.0084 	 Train images 1250 	 Round  17
Device  6 	 Train loss 1.1909 	 LR 0.0083 	 Train images 1250 	 Round  18
Device  6 	 Train loss 1.2070 	 LR 0.0083 	 Train images 1250 	 Round  19
Device  6 	 Train loss 1.1230 	 LR 0.0082 	 Train images 1250 	 Round  20
Device  6 	 Train loss 1.1251 	 LR 0.0081 	 Train images 1250 	 Round  21
Device  6 	 Train loss 1.0551 	 LR 0.0080 	 Train images 1250 	 Round  22
Device  6 	 Train loss 1.0070 	 LR 0.0079 	 Train images 1250 	 Round  23
Device  6 	 Train loss 1.0326 	 LR 0.0079 	 Train images 1250 	 Round  24
Device  6 	 Train loss 0.9006 	 LR 0.0078 	 Train images 1250 	 Round  25
Device  6 	 Train loss 0.8672 	 LR 0.0077 	 Train images 1250 	 Round  26
Device  6 	 Train loss 0.9932 	 LR 0.0076 	 Train images 1250 	 Round  27
Device  6 	 Train loss 0.8319 	 LR 0.0075 	 Train images 1250 	 Round  28
Device  6 	 Train loss 0.8468 	 LR 0.0075 	 Train images 1250 	 Round  29
Device  6 	 Train loss 0.5862 	 LR 0.0010 	 Train images 1250 	 Round  30
Device  6 	 Train loss 0.4714 	 LR 0.0010 	 Train images 1250 	 Round  31
Device  6 	 Train loss 0.4574 	 LR 0.0010 	 Train images 1250 	 Round  32
Device  6 	 Train loss 0.4379 	 LR 0.0010 	 Train images 1250 	 Round  33
Device  6 	 Train loss 0.4154 	 LR 0.0010 	 Train images 1250 	 Round  34
Device  6 	 Train loss 0.3693 	 LR 0.0010 	 Train images 1250 	 Round  35
Device  6 	 Train loss 0.3656 	 LR 0.0009 	 Train images 1250 	 Round  36
Device  6 	 Train loss 0.3372 	 LR 0.0009 	 Train images 1250 	 Round  37
Device  6 	 Train loss 0.3446 	 LR 0.0009 	 Train images 1250 	 Round  38
Device  6 	 Train loss 0.3114 	 LR 0.0009 	 Train images 1250 	 Round  39
Device  6 	 Train loss 0.3039 	 LR 0.0009 	 Train images 1250 	 Round  40
Device  6 	 Train loss 0.2781 	 LR 0.0009 	 Train images 1250 	 Round  41
Device  6 	 Train loss 0.2685 	 LR 0.0009 	 Train images 1250 	 Round  42
Device  6 	 Train loss 0.2625 	 LR 0.0009 	 Train images 1250 	 Round  43
Device  6 	 Train loss 0.2357 	 LR 0.0009 	 Train images 1250 	 Round  44
Device  6 	 Train loss 0.2367 	 LR 0.0009 	 Train images 1250 	 Round  45
Device  6 	 Train loss 0.2131 	 LR 0.0009 	 Train images 1250 	 Round  46
Device  6 	 Train loss 0.2140 	 LR 0.0008 	 Train images 1250 	 Round  47
Device  6 	 Train loss 0.1891 	 LR 0.0008 	 Train images 1250 	 Round  48
Device  6 	 Train loss 0.1801 	 LR 0.0008 	 Train images 1250 	 Round  49
Device  6 	 Train loss 0.1724 	 LR 0.0008 	 Train images 1250 	 Round  50
Device  6 	 Train loss 0.1597 	 LR 0.0008 	 Train images 1250 	 Round  51
Device  6 	 Train loss 0.1503 	 LR 0.0008 	 Train images 1250 	 Round  52
Device  6 	 Train loss 0.1579 	 LR 0.0008 	 Train images 1250 	 Round  53
Device  6 	 Train loss 0.1383 	 LR 0.0008 	 Train images 1250 	 Round  54
Device  6 	 Train loss 0.1286 	 LR 0.0008 	 Train images 1250 	 Round  55
Device  6 	 Train loss 0.1134 	 LR 0.0008 	 Train images 1250 	 Round  56
Device  6 	 Train loss 0.1268 	 LR 0.0008 	 Train images 1250 	 Round  57
Device  6 	 Train loss 0.1018 	 LR 0.0008 	 Train images 1250 	 Round  58
Device  6 	 Train loss 0.0896 	 LR 0.0007 	 Train images 1250 	 Round  59
Device  6 	 Train loss 0.0922 	 LR 0.0007 	 Train images 1250 	 Round  60
Device  6 	 Train loss 0.0956 	 LR 0.0007 	 Train images 1250 	 Round  61
Device  6 	 Train loss 0.1006 	 LR 0.0007 	 Train images 1250 	 Round  62
Device  6 	 Train loss 0.0957 	 LR 0.0007 	 Train images 1250 	 Round  63
Device  6 	 Train loss 0.0827 	 LR 0.0007 	 Train images 1250 	 Round  64
Device  6 	 Train loss 0.0678 	 LR 0.0007 	 Train images 1250 	 Round  65
Device  6 	 Train loss 0.0757 	 LR 0.0007 	 Train images 1250 	 Round  66
Device  6 	 Train loss 0.0653 	 LR 0.0007 	 Train images 1250 	 Round  67
Device  6 	 Train loss 0.0663 	 LR 0.0007 	 Train images 1250 	 Round  68
Device  6 	 Train loss 0.0628 	 LR 0.0007 	 Train images 1250 	 Round  69
Device  6 	 Train loss 0.0715 	 LR 0.0007 	 Train images 1250 	 Round  70
Device  6 	 Train loss 0.0520 	 LR 0.0007 	 Train images 1250 	 Round  71
Device  6 	 Train loss 0.0573 	 LR 0.0007 	 Train images 1250 	 Round  72
Device  6 	 Train loss 0.0704 	 LR 0.0006 	 Train images 1250 	 Round  73
Device  6 	 Train loss 0.0637 	 LR 0.0006 	 Train images 1250 	 Round  74
Device  6 	 Train loss 0.0481 	 LR 0.0006 	 Train images 1250 	 Round  75
Device  6 	 Train loss 0.0527 	 LR 0.0006 	 Train images 1250 	 Round  76
Device  6 	 Train loss 0.0384 	 LR 0.0006 	 Train images 1250 	 Round  77
Device  6 	 Train loss 0.0460 	 LR 0.0006 	 Train images 1250 	 Round  78
Device  6 	 Train loss 0.0413 	 LR 0.0006 	 Train images 1250 	 Round  79
Device  6 	 Train loss 0.0405 	 LR 0.0006 	 Train images 1250 	 Round  80
Device  6 	 Train loss 0.0393 	 LR 0.0006 	 Train images 1250 	 Round  81
Device  6 	 Train loss 0.0467 	 LR 0.0006 	 Train images 1250 	 Round  82
Device  6 	 Train loss 0.0362 	 LR 0.0006 	 Train images 1250 	 Round  83
Device  6 	 Train loss 0.0402 	 LR 0.0006 	 Train images 1250 	 Round  84
Device  6 	 Train loss 0.0352 	 LR 0.0006 	 Train images 1250 	 Round  85
Device  6 	 Train loss 0.0325 	 LR 0.0006 	 Train images 1250 	 Round  86
Device  6 	 Train loss 0.0336 	 LR 0.0006 	 Train images 1250 	 Round  87
Device  6 	 Train loss 0.0286 	 LR 0.0006 	 Train images 1250 	 Round  88
Device  6 	 Train loss 0.0278 	 LR 0.0006 	 Train images 1250 	 Round  89
Device  6 	 Train loss 0.0280 	 LR 0.0005 	 Train images 1250 	 Round  90
Device  6 	 Train loss 0.0321 	 LR 0.0005 	 Train images 1250 	 Round  91
Device  6 	 Train loss 0.0322 	 LR 0.0005 	 Train images 1250 	 Round  92
Device  6 	 Train loss 0.0326 	 LR 0.0005 	 Train images 1250 	 Round  93
Device  6 	 Train loss 0.0315 	 LR 0.0005 	 Train images 1250 	 Round  94
Device  6 	 Train loss 0.0257 	 LR 0.0005 	 Train images 1250 	 Round  95
Device  6 	 Train loss 0.0210 	 LR 0.0005 	 Train images 1250 	 Round  96
Device  6 	 Train loss 0.0199 	 LR 0.0005 	 Train images 1250 	 Round  97
Device  6 	 Train loss 0.0275 	 LR 0.0005 	 Train images 1250 	 Round  98
Device  6 	 Train loss 0.0272 	 LR 0.0005 	 Train images 1250 	 Round  99
Device  6 	 Train loss 0.0224 	 LR 0.0005 	 Train images 1250 	 Round 100
Defense none on Dataset CIFAR10.
Finished computations with time: 0:12:27.159638

Namespace(seed=42, output_dir='./logs', demo=False, pretrained=False, train_lr=0.01, root='/home/lgd/Desktop/SNNFL/datasets', dataset='CIFAR10', num_workers=2, batch_size=64, num_sen=64, defense='none', attack='gs', percent_num=70, layer_num=6, noise_name='Gaussian', loc=0.0, scale=0.01, per_adv=1, dcs_iter=1000, dcs_lr=0.1, lambda_xsim=0.01, lambda_zsim=0.01, epsilon=0.01, early_stop=True, xsim_thr=150.0, lambda_y=0.7, project=True, startpoint='none', mixup=True, precode_size=256, beta=0.001, aug_list='21-13-3+7-4-15', method='iid', TotalDevNum=10, DevNum=6, n_data=2000, Pro_dev=5, device_id=-1)
Currently evaluating -------------------------------:
CPUs: 24, GPUs: 1 on ubuntu.
GPU : NVIDIA GeForce RTX 4090
Device  6 	 Train loss 2.5069 	 LR 0.0099 	 Train images 1250 	 Round   1
Device  6 	 Train loss 2.3062 	 LR 0.0098 	 Train images 1250 	 Round   2
Device  6 	 Train loss 2.0762 	 LR 0.0097 	 Train images 1250 	 Round   3
Device  6 	 Train loss 1.9571 	 LR 0.0096 	 Train images 1250 	 Round   4
Device  6 	 Train loss 1.7487 	 LR 0.0095 	 Train images 1250 	 Round   5
Device  6 	 Train loss 1.6762 	 LR 0.0094 	 Train images 1250 	 Round   6
Device  6 	 Train loss 1.5139 	 LR 0.0093 	 Train images 1250 	 Round   7
Device  6 	 Train loss 1.4444 	 LR 0.0092 	 Train images 1250 	 Round   8
Device  6 	 Train loss 1.4057 	 LR 0.0091 	 Train images 1250 	 Round   9
Device  6 	 Train loss 1.3043 	 LR 0.0090 	 Train images 1250 	 Round  10
Device  6 	 Train loss 1.2995 	 LR 0.0090 	 Train images 1250 	 Round  11
Device  6 	 Train loss 1.2060 	 LR 0.0089 	 Train images 1250 	 Round  12
Device  6 	 Train loss 1.0664 	 LR 0.0088 	 Train images 1250 	 Round  13
Device  6 	 Train loss 1.1080 	 LR 0.0087 	 Train images 1250 	 Round  14
Device  6 	 Train loss 0.9959 	 LR 0.0086 	 Train images 1250 	 Round  15
Device  6 	 Train loss 0.8829 	 LR 0.0085 	 Train images 1250 	 Round  16
Device  6 	 Train loss 0.9031 	 LR 0.0084 	 Train images 1250 	 Round  17
Device  6 	 Train loss 0.8578 	 LR 0.0083 	 Train images 1250 	 Round  18
Device  6 	 Train loss 0.8267 	 LR 0.0083 	 Train images 1250 	 Round  19
Device  6 	 Train loss 0.7519 	 LR 0.0082 	 Train images 1250 	 Round  20
Device  6 	 Train loss 0.7390 	 LR 0.0081 	 Train images 1250 	 Round  21
Device  6 	 Train loss 0.6951 	 LR 0.0080 	 Train images 1250 	 Round  22
Device  6 	 Train loss 0.5559 	 LR 0.0079 	 Train images 1250 	 Round  23
Device  6 	 Train loss 0.6547 	 LR 0.0079 	 Train images 1250 	 Round  24
Device  6 	 Train loss 0.4824 	 LR 0.0078 	 Train images 1250 	 Round  25
Device  6 	 Train loss 0.4515 	 LR 0.0077 	 Train images 1250 	 Round  26
Device  6 	 Train loss 0.4453 	 LR 0.0076 	 Train images 1250 	 Round  27
Device  6 	 Train loss 0.3891 	 LR 0.0075 	 Train images 1250 	 Round  28
Device  6 	 Train loss 0.3914 	 LR 0.0075 	 Train images 1250 	 Round  29
Device  6 	 Train loss 0.1363 	 LR 0.0010 	 Train images 1250 	 Round  30
Defense none on Dataset CIFAR10.
Finished computations with time: 0:05:33.401776

Namespace(seed=42, output_dir='./logs', demo=False, pretrained=False, train_lr=0.01, root='/home/lgd/Desktop/SNNFL/datasets', dataset='CIFAR10', num_workers=2, batch_size=64, num_sen=64, defense='none', attack='gs', percent_num=70, layer_num=6, noise_name='Gaussian', loc=0.0, scale=0.01, per_adv=1, dcs_iter=1000, dcs_lr=0.1, lambda_xsim=0.01, lambda_zsim=0.01, epsilon=0.01, early_stop=True, xsim_thr=150.0, lambda_y=0.7, project=True, startpoint='none', mixup=True, precode_size=256, beta=0.001, aug_list='21-13-3+7-4-15', method='iid', TotalDevNum=10, DevNum=6, n_data=2000, Pro_dev=5, device_id=-1)
Currently evaluating -------------------------------:
CPUs: 24, GPUs: 1 on ubuntu.
GPU : NVIDIA GeForce RTX 4090
Device  6 	 Train loss 2.5190 	 LR 0.0099 	 Train images 1250 	 Round   1
Device  6 	 Train loss 2.3802 	 LR 0.0098 	 Train images 1250 	 Round   2
Device  6 	 Train loss 2.2347 	 LR 0.0097 	 Train images 1250 	 Round   3
Device  6 	 Train loss 2.1897 	 LR 0.0096 	 Train images 1250 	 Round   4
Device  6 	 Train loss 1.9985 	 LR 0.0095 	 Train images 1250 	 Round   5
Device  6 	 Train loss 1.9502 	 LR 0.0094 	 Train images 1250 	 Round   6
Device  6 	 Train loss 1.8690 	 LR 0.0093 	 Train images 1250 	 Round   7
Device  6 	 Train loss 1.7595 	 LR 0.0092 	 Train images 1250 	 Round   8
Device  6 	 Train loss 1.7906 	 LR 0.0091 	 Train images 1250 	 Round   9
Device  6 	 Train loss 1.6698 	 LR 0.0090 	 Train images 1250 	 Round  10
Device  6 	 Train loss 1.7705 	 LR 0.0090 	 Train images 1250 	 Round  11
Device  6 	 Train loss 1.7366 	 LR 0.0089 	 Train images 1250 	 Round  12
Device  6 	 Train loss 1.6509 	 LR 0.0088 	 Train images 1250 	 Round  13
Device  6 	 Train loss 1.7196 	 LR 0.0087 	 Train images 1250 	 Round  14
Device  6 	 Train loss 1.6295 	 LR 0.0086 	 Train images 1250 	 Round  15
Device  6 	 Train loss 1.5192 	 LR 0.0085 	 Train images 1250 	 Round  16
Device  6 	 Train loss 1.5760 	 LR 0.0084 	 Train images 1250 	 Round  17
Device  6 	 Train loss 1.5257 	 LR 0.0083 	 Train images 1250 	 Round  18
Device  6 	 Train loss 1.5109 	 LR 0.0083 	 Train images 1250 	 Round  19
Device  6 	 Train loss 1.5403 	 LR 0.0082 	 Train images 1250 	 Round  20
Device  6 	 Train loss 1.5290 	 LR 0.0081 	 Train images 1250 	 Round  21
Device  6 	 Train loss 1.5532 	 LR 0.0080 	 Train images 1250 	 Round  22
Device  6 	 Train loss 1.4699 	 LR 0.0079 	 Train images 1250 	 Round  23
Device  6 	 Train loss 1.4160 	 LR 0.0079 	 Train images 1250 	 Round  24
Device  6 	 Train loss 1.4083 	 LR 0.0078 	 Train images 1250 	 Round  25
Device  6 	 Train loss 1.3949 	 LR 0.0077 	 Train images 1250 	 Round  26
Device  6 	 Train loss 1.3482 	 LR 0.0076 	 Train images 1250 	 Round  27
Device  6 	 Train loss 1.3557 	 LR 0.0075 	 Train images 1250 	 Round  28
Device  6 	 Train loss 1.3485 	 LR 0.0075 	 Train images 1250 	 Round  29
Device  6 	 Train loss 1.1243 	 LR 0.0010 	 Train images 1250 	 Round  30
Device  6 	 Train loss 1.0741 	 LR 0.0010 	 Train images 1250 	 Round  31
Device  6 	 Train loss 1.0380 	 LR 0.0010 	 Train images 1250 	 Round  32
Device  6 	 Train loss 1.0020 	 LR 0.0010 	 Train images 1250 	 Round  33
Device  6 	 Train loss 0.9757 	 LR 0.0010 	 Train images 1250 	 Round  34
Device  6 	 Train loss 0.9769 	 LR 0.0010 	 Train images 1250 	 Round  35
Device  6 	 Train loss 0.9559 	 LR 0.0009 	 Train images 1250 	 Round  36
Device  6 	 Train loss 0.9253 	 LR 0.0009 	 Train images 1250 	 Round  37
Device  6 	 Train loss 0.9208 	 LR 0.0009 	 Train images 1250 	 Round  38
Device  6 	 Train loss 0.8962 	 LR 0.0009 	 Train images 1250 	 Round  39
Device  6 	 Train loss 0.8779 	 LR 0.0009 	 Train images 1250 	 Round  40
Device  6 	 Train loss 0.8811 	 LR 0.0009 	 Train images 1250 	 Round  41
Device  6 	 Train loss 0.8267 	 LR 0.0009 	 Train images 1250 	 Round  42
Device  6 	 Train loss 0.8350 	 LR 0.0009 	 Train images 1250 	 Round  43
Device  6 	 Train loss 0.8381 	 LR 0.0009 	 Train images 1250 	 Round  44
Device  6 	 Train loss 0.7888 	 LR 0.0009 	 Train images 1250 	 Round  45
Device  6 	 Train loss 0.7866 	 LR 0.0009 	 Train images 1250 	 Round  46
Device  6 	 Train loss 0.7561 	 LR 0.0008 	 Train images 1250 	 Round  47
Device  6 	 Train loss 0.7745 	 LR 0.0008 	 Train images 1250 	 Round  48
Device  6 	 Train loss 0.7600 	 LR 0.0008 	 Train images 1250 	 Round  49
Device  6 	 Train loss 0.7313 	 LR 0.0008 	 Train images 1250 	 Round  50
Defense none on Dataset CIFAR10.
Finished computations with time: 0:09:53.045255

Namespace(seed=42, output_dir='./logs', demo=False, pretrained=False, train_lr=0.01, root='/home/lgd/Desktop/SNNFL/datasets', dataset='CIFAR10', num_workers=2, batch_size=64, num_sen=64, defense='none', attack='gs', percent_num=70, layer_num=6, noise_name='Gaussian', loc=0.0, scale=0.01, per_adv=1, dcs_iter=1000, dcs_lr=0.1, lambda_xsim=0.01, lambda_zsim=0.01, epsilon=0.01, early_stop=True, xsim_thr=150.0, lambda_y=0.7, project=True, startpoint='none', mixup=True, precode_size=256, beta=0.001, aug_list='21-13-3+7-4-15', method='iid', TotalDevNum=10, DevNum=6, n_data=2000, Pro_dev=5, device_id=-1)
Currently evaluating -------------------------------:
CPUs: 24, GPUs: 1 on ubuntu.
GPU : NVIDIA GeForce RTX 4090
Device  6 	 Train loss 2.6844 	 LR 0.0099 	 Train images 1250 	 Round   1
Device  6 	 Train loss 2.0022 	 LR 0.0098 	 Train images 1250 	 Round   2
Device  6 	 Train loss 1.7684 	 LR 0.0097 	 Train images 1250 	 Round   3
Device  6 	 Train loss 1.6676 	 LR 0.0096 	 Train images 1250 	 Round   4
Device  6 	 Train loss 1.5855 	 LR 0.0095 	 Train images 1250 	 Round   5
Device  6 	 Train loss 1.4745 	 LR 0.0094 	 Train images 1250 	 Round   6
Device  6 	 Train loss 1.4341 	 LR 0.0093 	 Train images 1250 	 Round   7
Device  6 	 Train loss 1.3870 	 LR 0.0092 	 Train images 1250 	 Round   8
Device  6 	 Train loss 1.3099 	 LR 0.0091 	 Train images 1250 	 Round   9
Device  6 	 Train loss 1.2086 	 LR 0.0090 	 Train images 1250 	 Round  10
Device  6 	 Train loss 1.2292 	 LR 0.0090 	 Train images 1250 	 Round  11
Device  6 	 Train loss 1.1379 	 LR 0.0089 	 Train images 1250 	 Round  12
Device  6 	 Train loss 1.1306 	 LR 0.0088 	 Train images 1250 	 Round  13
Device  6 	 Train loss 0.9746 	 LR 0.0087 	 Train images 1250 	 Round  14
Device  6 	 Train loss 0.9495 	 LR 0.0086 	 Train images 1250 	 Round  15
Device  6 	 Train loss 0.8751 	 LR 0.0085 	 Train images 1250 	 Round  16
Device  6 	 Train loss 0.8198 	 LR 0.0084 	 Train images 1250 	 Round  17
Device  6 	 Train loss 0.8239 	 LR 0.0083 	 Train images 1250 	 Round  18
Device  6 	 Train loss 0.7238 	 LR 0.0083 	 Train images 1250 	 Round  19
Device  6 	 Train loss 0.6569 	 LR 0.0082 	 Train images 1250 	 Round  20
Device  6 	 Train loss 0.6070 	 LR 0.0081 	 Train images 1250 	 Round  21
Device  6 	 Train loss 0.5727 	 LR 0.0080 	 Train images 1250 	 Round  22
Device  6 	 Train loss 0.5349 	 LR 0.0079 	 Train images 1250 	 Round  23
Device  6 	 Train loss 0.5329 	 LR 0.0079 	 Train images 1250 	 Round  24
Device  6 	 Train loss 0.4674 	 LR 0.0078 	 Train images 1250 	 Round  25
Device  6 	 Train loss 0.4199 	 LR 0.0077 	 Train images 1250 	 Round  26
Device  6 	 Train loss 0.3685 	 LR 0.0076 	 Train images 1250 	 Round  27
Device  6 	 Train loss 0.2866 	 LR 0.0075 	 Train images 1250 	 Round  28
Device  6 	 Train loss 0.2812 	 LR 0.0075 	 Train images 1250 	 Round  29
Device  6 	 Train loss 0.1875 	 LR 0.0010 	 Train images 1250 	 Round  30
Device  6 	 Train loss 0.1520 	 LR 0.0010 	 Train images 1250 	 Round  31
Device  6 	 Train loss 0.1378 	 LR 0.0010 	 Train images 1250 	 Round  32
Device  6 	 Train loss 0.1311 	 LR 0.0010 	 Train images 1250 	 Round  33
Device  6 	 Train loss 0.1249 	 LR 0.0010 	 Train images 1250 	 Round  34
Device  6 	 Train loss 0.1228 	 LR 0.0010 	 Train images 1250 	 Round  35
Device  6 	 Train loss 0.1148 	 LR 0.0009 	 Train images 1250 	 Round  36
Device  6 	 Train loss 0.1064 	 LR 0.0009 	 Train images 1250 	 Round  37
Device  6 	 Train loss 0.1077 	 LR 0.0009 	 Train images 1250 	 Round  38
Device  6 	 Train loss 0.0961 	 LR 0.0009 	 Train images 1250 	 Round  39
Device  6 	 Train loss 0.0972 	 LR 0.0009 	 Train images 1250 	 Round  40
Device  6 	 Train loss 0.0886 	 LR 0.0009 	 Train images 1250 	 Round  41
Device  6 	 Train loss 0.0908 	 LR 0.0009 	 Train images 1250 	 Round  42
Device  6 	 Train loss 0.0860 	 LR 0.0009 	 Train images 1250 	 Round  43
Device  6 	 Train loss 0.0835 	 LR 0.0009 	 Train images 1250 	 Round  44
Device  6 	 Train loss 0.0838 	 LR 0.0009 	 Train images 1250 	 Round  45
Device  6 	 Train loss 0.0770 	 LR 0.0009 	 Train images 1250 	 Round  46
Device  6 	 Train loss 0.0744 	 LR 0.0008 	 Train images 1250 	 Round  47
Device  6 	 Train loss 0.0698 	 LR 0.0008 	 Train images 1250 	 Round  48
Device  6 	 Train loss 0.0721 	 LR 0.0008 	 Train images 1250 	 Round  49
Device  6 	 Train loss 0.0653 	 LR 0.0008 	 Train images 1250 	 Round  50
Device  6 	 Train loss 0.0684 	 LR 0.0008 	 Train images 1250 	 Round  51
Device  6 	 Train loss 0.0626 	 LR 0.0008 	 Train images 1250 	 Round  52
Device  6 	 Train loss 0.0622 	 LR 0.0008 	 Train images 1250 	 Round  53
Device  6 	 Train loss 0.0610 	 LR 0.0008 	 Train images 1250 	 Round  54
Device  6 	 Train loss 0.0567 	 LR 0.0008 	 Train images 1250 	 Round  55
Device  6 	 Train loss 0.0582 	 LR 0.0008 	 Train images 1250 	 Round  56
Device  6 	 Train loss 0.0568 	 LR 0.0008 	 Train images 1250 	 Round  57
Device  6 	 Train loss 0.0559 	 LR 0.0008 	 Train images 1250 	 Round  58
Device  6 	 Train loss 0.0527 	 LR 0.0007 	 Train images 1250 	 Round  59
Device  6 	 Train loss 0.0511 	 LR 0.0007 	 Train images 1250 	 Round  60
Device  6 	 Train loss 0.0536 	 LR 0.0007 	 Train images 1250 	 Round  61
Device  6 	 Train loss 0.0496 	 LR 0.0007 	 Train images 1250 	 Round  62
Device  6 	 Train loss 0.0496 	 LR 0.0007 	 Train images 1250 	 Round  63
Device  6 	 Train loss 0.0488 	 LR 0.0007 	 Train images 1250 	 Round  64
Device  6 	 Train loss 0.0471 	 LR 0.0007 	 Train images 1250 	 Round  65
Device  6 	 Train loss 0.0468 	 LR 0.0007 	 Train images 1250 	 Round  66
Device  6 	 Train loss 0.0485 	 LR 0.0007 	 Train images 1250 	 Round  67
Device  6 	 Train loss 0.0451 	 LR 0.0007 	 Train images 1250 	 Round  68
Device  6 	 Train loss 0.0463 	 LR 0.0007 	 Train images 1250 	 Round  69
Device  6 	 Train loss 0.0410 	 LR 0.0007 	 Train images 1250 	 Round  70
Device  6 	 Train loss 0.0420 	 LR 0.0007 	 Train images 1250 	 Round  71
Device  6 	 Train loss 0.0404 	 LR 0.0007 	 Train images 1250 	 Round  72
Device  6 	 Train loss 0.0431 	 LR 0.0006 	 Train images 1250 	 Round  73
Device  6 	 Train loss 0.0410 	 LR 0.0006 	 Train images 1250 	 Round  74
Device  6 	 Train loss 0.0394 	 LR 0.0006 	 Train images 1250 	 Round  75
Device  6 	 Train loss 0.0381 	 LR 0.0006 	 Train images 1250 	 Round  76
Device  6 	 Train loss 0.0387 	 LR 0.0006 	 Train images 1250 	 Round  77
Device  6 	 Train loss 0.0380 	 LR 0.0006 	 Train images 1250 	 Round  78
Device  6 	 Train loss 0.0365 	 LR 0.0006 	 Train images 1250 	 Round  79
Device  6 	 Train loss 0.0363 	 LR 0.0006 	 Train images 1250 	 Round  80
Device  6 	 Train loss 0.0344 	 LR 0.0006 	 Train images 1250 	 Round  81
Device  6 	 Train loss 0.0324 	 LR 0.0006 	 Train images 1250 	 Round  82
Device  6 	 Train loss 0.0346 	 LR 0.0006 	 Train images 1250 	 Round  83
Device  6 	 Train loss 0.0373 	 LR 0.0006 	 Train images 1250 	 Round  84
Device  6 	 Train loss 0.0341 	 LR 0.0006 	 Train images 1250 	 Round  85
Device  6 	 Train loss 0.0339 	 LR 0.0006 	 Train images 1250 	 Round  86
Device  6 	 Train loss 0.0316 	 LR 0.0006 	 Train images 1250 	 Round  87
Device  6 	 Train loss 0.0326 	 LR 0.0006 	 Train images 1250 	 Round  88
Device  6 	 Train loss 0.0321 	 LR 0.0006 	 Train images 1250 	 Round  89
Device  6 	 Train loss 0.0301 	 LR 0.0005 	 Train images 1250 	 Round  90
Device  6 	 Train loss 0.0313 	 LR 0.0005 	 Train images 1250 	 Round  91
Device  6 	 Train loss 0.0314 	 LR 0.0005 	 Train images 1250 	 Round  92
Device  6 	 Train loss 0.0300 	 LR 0.0005 	 Train images 1250 	 Round  93
Device  6 	 Train loss 0.0301 	 LR 0.0005 	 Train images 1250 	 Round  94
Device  6 	 Train loss 0.0290 	 LR 0.0005 	 Train images 1250 	 Round  95
Device  6 	 Train loss 0.0299 	 LR 0.0005 	 Train images 1250 	 Round  96
Device  6 	 Train loss 0.0303 	 LR 0.0005 	 Train images 1250 	 Round  97
Device  6 	 Train loss 0.0272 	 LR 0.0005 	 Train images 1250 	 Round  98
Device  6 	 Train loss 0.0294 	 LR 0.0005 	 Train images 1250 	 Round  99
Device  6 	 Train loss 0.0303 	 LR 0.0005 	 Train images 1250 	 Round 100
Defense none on Dataset CIFAR10.
Finished computations with time: 0:12:08.827055

Namespace(seed=42, output_dir='./logs', demo=False, pretrained=False, train_lr=0.01, root='/home/lgd/Desktop/SNNFL/datasets', dataset='CIFAR10', num_workers=2, batch_size=64, num_sen=64, defense='none', attack='gs', percent_num=70, layer_num=6, noise_name='Gaussian', loc=0.0, scale=0.01, per_adv=1, dcs_iter=1000, dcs_lr=0.1, lambda_xsim=0.01, lambda_zsim=0.01, epsilon=0.01, early_stop=True, xsim_thr=150.0, lambda_y=0.7, project=True, startpoint='none', mixup=True, precode_size=256, beta=0.001, aug_list='21-13-3+7-4-15', method='iid', TotalDevNum=10, DevNum=6, n_data=2000, Pro_dev=5, device_id=-1)
Currently evaluating -------------------------------:
CPUs: 24, GPUs: 1 on ubuntu.
GPU : NVIDIA GeForce RTX 4090
Device  6 	 Train loss 2.2930 	 LR 0.0099 	 Train images 1250 	 Round   1
Device  6 	 Train loss 1.9845 	 LR 0.0098 	 Train images 1250 	 Round   2
Device  6 	 Train loss 1.8365 	 LR 0.0097 	 Train images 1250 	 Round   3
Device  6 	 Train loss 1.7273 	 LR 0.0096 	 Train images 1250 	 Round   4
Device  6 	 Train loss 1.6099 	 LR 0.0095 	 Train images 1250 	 Round   5
Device  6 	 Train loss 1.5569 	 LR 0.0094 	 Train images 1250 	 Round   6
Device  6 	 Train loss 1.5007 	 LR 0.0093 	 Train images 1250 	 Round   7
Device  6 	 Train loss 1.4716 	 LR 0.0092 	 Train images 1250 	 Round   8
Device  6 	 Train loss 1.4147 	 LR 0.0091 	 Train images 1250 	 Round   9
Device  6 	 Train loss 1.3458 	 LR 0.0090 	 Train images 1250 	 Round  10
Device  6 	 Train loss 1.3426 	 LR 0.0090 	 Train images 1250 	 Round  11
Device  6 	 Train loss 1.2473 	 LR 0.0089 	 Train images 1250 	 Round  12
Device  6 	 Train loss 1.2284 	 LR 0.0088 	 Train images 1250 	 Round  13
Device  6 	 Train loss 1.0951 	 LR 0.0087 	 Train images 1250 	 Round  14
Device  6 	 Train loss 1.1480 	 LR 0.0086 	 Train images 1250 	 Round  15
Device  6 	 Train loss 1.0696 	 LR 0.0085 	 Train images 1250 	 Round  16
Device  6 	 Train loss 1.0102 	 LR 0.0084 	 Train images 1250 	 Round  17
Device  6 	 Train loss 1.0515 	 LR 0.0083 	 Train images 1250 	 Round  18
Device  6 	 Train loss 0.9658 	 LR 0.0083 	 Train images 1250 	 Round  19
Device  6 	 Train loss 0.9005 	 LR 0.0082 	 Train images 1250 	 Round  20
Device  6 	 Train loss 0.8618 	 LR 0.0081 	 Train images 1250 	 Round  21
Device  6 	 Train loss 0.8372 	 LR 0.0080 	 Train images 1250 	 Round  22
Device  6 	 Train loss 0.8552 	 LR 0.0079 	 Train images 1250 	 Round  23
Device  6 	 Train loss 0.7870 	 LR 0.0079 	 Train images 1250 	 Round  24
Device  6 	 Train loss 0.7984 	 LR 0.0078 	 Train images 1250 	 Round  25
Device  6 	 Train loss 0.7216 	 LR 0.0077 	 Train images 1250 	 Round  26
Device  6 	 Train loss 0.7388 	 LR 0.0076 	 Train images 1250 	 Round  27
Device  6 	 Train loss 0.7127 	 LR 0.0075 	 Train images 1250 	 Round  28
Device  6 	 Train loss 0.6336 	 LR 0.0075 	 Train images 1250 	 Round  29
Device  6 	 Train loss 0.5302 	 LR 0.0010 	 Train images 1250 	 Round  30
Device  6 	 Train loss 0.4974 	 LR 0.0010 	 Train images 1250 	 Round  31
Device  6 	 Train loss 0.4768 	 LR 0.0010 	 Train images 1250 	 Round  32
Device  6 	 Train loss 0.4592 	 LR 0.0010 	 Train images 1250 	 Round  33
Device  6 	 Train loss 0.4414 	 LR 0.0010 	 Train images 1250 	 Round  34
Device  6 	 Train loss 0.4384 	 LR 0.0010 	 Train images 1250 	 Round  35
Device  6 	 Train loss 0.4186 	 LR 0.0009 	 Train images 1250 	 Round  36
Device  6 	 Train loss 0.4092 	 LR 0.0009 	 Train images 1250 	 Round  37
Device  6 	 Train loss 0.4076 	 LR 0.0009 	 Train images 1250 	 Round  38
Device  6 	 Train loss 0.3867 	 LR 0.0009 	 Train images 1250 	 Round  39
Device  6 	 Train loss 0.3925 	 LR 0.0009 	 Train images 1250 	 Round  40
Device  6 	 Train loss 0.3683 	 LR 0.0009 	 Train images 1250 	 Round  41
Device  6 	 Train loss 0.3797 	 LR 0.0009 	 Train images 1250 	 Round  42
Device  6 	 Train loss 0.3586 	 LR 0.0009 	 Train images 1250 	 Round  43
Device  6 	 Train loss 0.3435 	 LR 0.0009 	 Train images 1250 	 Round  44
Device  6 	 Train loss 0.3338 	 LR 0.0009 	 Train images 1250 	 Round  45
Device  6 	 Train loss 0.3316 	 LR 0.0009 	 Train images 1250 	 Round  46
Device  6 	 Train loss 0.3101 	 LR 0.0008 	 Train images 1250 	 Round  47
Device  6 	 Train loss 0.2974 	 LR 0.0008 	 Train images 1250 	 Round  48
Device  6 	 Train loss 0.2945 	 LR 0.0008 	 Train images 1250 	 Round  49
Device  6 	 Train loss 0.2820 	 LR 0.0008 	 Train images 1250 	 Round  50
Device  6 	 Train loss 0.2778 	 LR 0.0008 	 Train images 1250 	 Round  51
Device  6 	 Train loss 0.2664 	 LR 0.0008 	 Train images 1250 	 Round  52
Device  6 	 Train loss 0.2689 	 LR 0.0008 	 Train images 1250 	 Round  53
Device  6 	 Train loss 0.2532 	 LR 0.0008 	 Train images 1250 	 Round  54
Device  6 	 Train loss 0.2479 	 LR 0.0008 	 Train images 1250 	 Round  55
Device  6 	 Train loss 0.2227 	 LR 0.0008 	 Train images 1250 	 Round  56
Device  6 	 Train loss 0.2216 	 LR 0.0008 	 Train images 1250 	 Round  57
Device  6 	 Train loss 0.2155 	 LR 0.0008 	 Train images 1250 	 Round  58
Device  6 	 Train loss 0.2106 	 LR 0.0007 	 Train images 1250 	 Round  59
Device  6 	 Train loss 0.2029 	 LR 0.0007 	 Train images 1250 	 Round  60
Device  6 	 Train loss 0.1986 	 LR 0.0007 	 Train images 1250 	 Round  61
Device  6 	 Train loss 0.1888 	 LR 0.0007 	 Train images 1250 	 Round  62
Device  6 	 Train loss 0.1838 	 LR 0.0007 	 Train images 1250 	 Round  63
Device  6 	 Train loss 0.1737 	 LR 0.0007 	 Train images 1250 	 Round  64
Device  6 	 Train loss 0.1740 	 LR 0.0007 	 Train images 1250 	 Round  65
Device  6 	 Train loss 0.1648 	 LR 0.0007 	 Train images 1250 	 Round  66
Device  6 	 Train loss 0.1572 	 LR 0.0007 	 Train images 1250 	 Round  67
Device  6 	 Train loss 0.1623 	 LR 0.0007 	 Train images 1250 	 Round  68
Device  6 	 Train loss 0.1554 	 LR 0.0007 	 Train images 1250 	 Round  69
Device  6 	 Train loss 0.1422 	 LR 0.0007 	 Train images 1250 	 Round  70
Device  6 	 Train loss 0.1425 	 LR 0.0007 	 Train images 1250 	 Round  71
Device  6 	 Train loss 0.1316 	 LR 0.0007 	 Train images 1250 	 Round  72
Device  6 	 Train loss 0.1377 	 LR 0.0006 	 Train images 1250 	 Round  73
Device  6 	 Train loss 0.1275 	 LR 0.0006 	 Train images 1250 	 Round  74
Device  6 	 Train loss 0.1226 	 LR 0.0006 	 Train images 1250 	 Round  75
Device  6 	 Train loss 0.1222 	 LR 0.0006 	 Train images 1250 	 Round  76
Device  6 	 Train loss 0.1119 	 LR 0.0006 	 Train images 1250 	 Round  77
Device  6 	 Train loss 0.1120 	 LR 0.0006 	 Train images 1250 	 Round  78
Device  6 	 Train loss 0.1044 	 LR 0.0006 	 Train images 1250 	 Round  79
Device  6 	 Train loss 0.1042 	 LR 0.0006 	 Train images 1250 	 Round  80
Device  6 	 Train loss 0.1008 	 LR 0.0006 	 Train images 1250 	 Round  81
Device  6 	 Train loss 0.0933 	 LR 0.0006 	 Train images 1250 	 Round  82
Device  6 	 Train loss 0.0958 	 LR 0.0006 	 Train images 1250 	 Round  83
Device  6 	 Train loss 0.0993 	 LR 0.0006 	 Train images 1250 	 Round  84
Device  6 	 Train loss 0.0894 	 LR 0.0006 	 Train images 1250 	 Round  85
Device  6 	 Train loss 0.0860 	 LR 0.0006 	 Train images 1250 	 Round  86
Device  6 	 Train loss 0.0842 	 LR 0.0006 	 Train images 1250 	 Round  87
Device  6 	 Train loss 0.0834 	 LR 0.0006 	 Train images 1250 	 Round  88
Device  6 	 Train loss 0.0824 	 LR 0.0006 	 Train images 1250 	 Round  89
Device  6 	 Train loss 0.0768 	 LR 0.0005 	 Train images 1250 	 Round  90
Device  6 	 Train loss 0.0774 	 LR 0.0005 	 Train images 1250 	 Round  91
Device  6 	 Train loss 0.0770 	 LR 0.0005 	 Train images 1250 	 Round  92
Device  6 	 Train loss 0.0728 	 LR 0.0005 	 Train images 1250 	 Round  93
Device  6 	 Train loss 0.0720 	 LR 0.0005 	 Train images 1250 	 Round  94
Device  6 	 Train loss 0.0671 	 LR 0.0005 	 Train images 1250 	 Round  95
Device  6 	 Train loss 0.0693 	 LR 0.0005 	 Train images 1250 	 Round  96
Device  6 	 Train loss 0.0684 	 LR 0.0005 	 Train images 1250 	 Round  97
Device  6 	 Train loss 0.0611 	 LR 0.0005 	 Train images 1250 	 Round  98
Device  6 	 Train loss 0.0636 	 LR 0.0005 	 Train images 1250 	 Round  99
Device  6 	 Train loss 0.0642 	 LR 0.0005 	 Train images 1250 	 Round 100
Defense none on Dataset CIFAR10.
Finished computations with time: 0:12:07.089540

Namespace(seed=42, output_dir='./logs', demo=False, pretrained=False, train_lr=0.01, root='/home/lgd/Desktop/SNNFL/datasets', dataset='CIFAR10', num_workers=2, batch_size=64, num_sen=64, defense='none', attack='gs', percent_num=70, layer_num=6, noise_name='Gaussian', loc=0.0, scale=0.01, per_adv=1, dcs_iter=1000, dcs_lr=0.1, lambda_xsim=0.01, lambda_zsim=0.01, epsilon=0.01, early_stop=True, xsim_thr=150.0, lambda_y=0.7, project=True, startpoint='none', mixup=True, precode_size=256, beta=0.001, aug_list='21-13-3+7-4-15', method='iid', TotalDevNum=10, DevNum=6, n_data=2000, Pro_dev=5, device_id=-1)
Currently evaluating -------------------------------:
CPUs: 24, GPUs: 1 on ubuntu.
GPU : NVIDIA GeForce RTX 4090
Device  6 	 Train loss 2.3720 	 LR 0.0099 	 Train images 1250 	 Round   1
Device  6 	 Train loss 1.9735 	 LR 0.0098 	 Train images 1250 	 Round   2
Device  6 	 Train loss 1.7995 	 LR 0.0097 	 Train images 1250 	 Round   3
Device  6 	 Train loss 1.6207 	 LR 0.0096 	 Train images 1250 	 Round   4
Device  6 	 Train loss 1.5799 	 LR 0.0095 	 Train images 1250 	 Round   5
Device  6 	 Train loss 1.5815 	 LR 0.0094 	 Train images 1250 	 Round   6
Device  6 	 Train loss 1.3398 	 LR 0.0093 	 Train images 1250 	 Round   7
Device  6 	 Train loss 1.3522 	 LR 0.0092 	 Train images 1250 	 Round   8
Device  6 	 Train loss 1.2098 	 LR 0.0091 	 Train images 1250 	 Round   9
Device  6 	 Train loss 1.1246 	 LR 0.0090 	 Train images 1250 	 Round  10
Device  6 	 Train loss 1.0727 	 LR 0.0090 	 Train images 1250 	 Round  11
Device  6 	 Train loss 1.0767 	 LR 0.0089 	 Train images 1250 	 Round  12
Device  6 	 Train loss 0.9073 	 LR 0.0088 	 Train images 1250 	 Round  13
Device  6 	 Train loss 0.9330 	 LR 0.0087 	 Train images 1250 	 Round  14
Device  6 	 Train loss 0.8476 	 LR 0.0086 	 Train images 1250 	 Round  15
Device  6 	 Train loss 0.7738 	 LR 0.0085 	 Train images 1250 	 Round  16
Device  6 	 Train loss 0.7134 	 LR 0.0084 	 Train images 1250 	 Round  17
Device  6 	 Train loss 0.6673 	 LR 0.0083 	 Train images 1250 	 Round  18
Device  6 	 Train loss 0.6417 	 LR 0.0083 	 Train images 1250 	 Round  19
Device  6 	 Train loss 0.6448 	 LR 0.0082 	 Train images 1250 	 Round  20
Device  6 	 Train loss 0.7328 	 LR 0.0081 	 Train images 1250 	 Round  21
Device  6 	 Train loss 0.6794 	 LR 0.0080 	 Train images 1250 	 Round  22
Device  6 	 Train loss 0.5893 	 LR 0.0079 	 Train images 1250 	 Round  23
Device  6 	 Train loss 0.4904 	 LR 0.0079 	 Train images 1250 	 Round  24
Device  6 	 Train loss 0.4567 	 LR 0.0078 	 Train images 1250 	 Round  25
Device  6 	 Train loss 0.4177 	 LR 0.0077 	 Train images 1250 	 Round  26
Device  6 	 Train loss 0.5111 	 LR 0.0076 	 Train images 1250 	 Round  27
Device  6 	 Train loss 0.4004 	 LR 0.0075 	 Train images 1250 	 Round  28
Device  6 	 Train loss 0.3780 	 LR 0.0075 	 Train images 1250 	 Round  29
Device  6 	 Train loss 0.1526 	 LR 0.0010 	 Train images 1250 	 Round  30
Device  6 	 Train loss 0.1101 	 LR 0.0010 	 Train images 1250 	 Round  31
Device  6 	 Train loss 0.0940 	 LR 0.0010 	 Train images 1250 	 Round  32
Device  6 	 Train loss 0.0853 	 LR 0.0010 	 Train images 1250 	 Round  33
Device  6 	 Train loss 0.0832 	 LR 0.0010 	 Train images 1250 	 Round  34
Device  6 	 Train loss 0.0685 	 LR 0.0010 	 Train images 1250 	 Round  35
Device  6 	 Train loss 0.0595 	 LR 0.0009 	 Train images 1250 	 Round  36
Device  6 	 Train loss 0.0571 	 LR 0.0009 	 Train images 1250 	 Round  37
Device  6 	 Train loss 0.0529 	 LR 0.0009 	 Train images 1250 	 Round  38
Device  6 	 Train loss 0.0540 	 LR 0.0009 	 Train images 1250 	 Round  39
Device  6 	 Train loss 0.0567 	 LR 0.0009 	 Train images 1250 	 Round  40
Device  6 	 Train loss 0.0474 	 LR 0.0009 	 Train images 1250 	 Round  41
Device  6 	 Train loss 0.0443 	 LR 0.0009 	 Train images 1250 	 Round  42
Device  6 	 Train loss 0.0423 	 LR 0.0009 	 Train images 1250 	 Round  43
Device  6 	 Train loss 0.0408 	 LR 0.0009 	 Train images 1250 	 Round  44
Device  6 	 Train loss 0.0356 	 LR 0.0009 	 Train images 1250 	 Round  45
Device  6 	 Train loss 0.0372 	 LR 0.0009 	 Train images 1250 	 Round  46
Device  6 	 Train loss 0.0341 	 LR 0.0008 	 Train images 1250 	 Round  47
Device  6 	 Train loss 0.0286 	 LR 0.0008 	 Train images 1250 	 Round  48
Device  6 	 Train loss 0.0352 	 LR 0.0008 	 Train images 1250 	 Round  49
Device  6 	 Train loss 0.0315 	 LR 0.0008 	 Train images 1250 	 Round  50
Defense none on Dataset CIFAR10.
Finished computations with time: 0:06:31.311165

Namespace(seed=42, output_dir='./logs', demo=False, pretrained=False, train_lr=0.01, root='/home/lgd/Desktop/SNNFL/datasets', dataset='CIFAR10', num_workers=2, batch_size=64, num_sen=64, defense='none', attack='gs', percent_num=70, layer_num=6, noise_name='Gaussian', loc=0.0, scale=0.01, per_adv=1, dcs_iter=1000, dcs_lr=0.1, lambda_xsim=0.01, lambda_zsim=0.01, epsilon=0.01, early_stop=True, xsim_thr=150.0, lambda_y=0.7, project=True, startpoint='none', mixup=True, precode_size=256, beta=0.001, aug_list='21-13-3+7-4-15', method='iid', TotalDevNum=10, DevNum=6, n_data=2000, Pro_dev=5, device_id=-1)
Currently evaluating -------------------------------:
CPUs: 24, GPUs: 1 on ubuntu.
GPU : NVIDIA GeForce RTX 4090
Device  6 	 Train loss 2.3923 	 LR 0.0099 	 Train images 1250 	 Round   1
Device  6 	 Train loss 2.0772 	 LR 0.0098 	 Train images 1250 	 Round   2
Device  6 	 Train loss 1.8697 	 LR 0.0097 	 Train images 1250 	 Round   3
Device  6 	 Train loss 1.7214 	 LR 0.0096 	 Train images 1250 	 Round   4
Device  6 	 Train loss 1.6475 	 LR 0.0095 	 Train images 1250 	 Round   5
Device  6 	 Train loss 1.6067 	 LR 0.0094 	 Train images 1250 	 Round   6
Device  6 	 Train loss 1.3901 	 LR 0.0093 	 Train images 1250 	 Round   7
Device  6 	 Train loss 1.3310 	 LR 0.0092 	 Train images 1250 	 Round   8
Device  6 	 Train loss 1.1905 	 LR 0.0091 	 Train images 1250 	 Round   9
Device  6 	 Train loss 1.1280 	 LR 0.0090 	 Train images 1250 	 Round  10
Device  6 	 Train loss 1.0038 	 LR 0.0090 	 Train images 1250 	 Round  11
Device  6 	 Train loss 0.9318 	 LR 0.0089 	 Train images 1250 	 Round  12
Device  6 	 Train loss 0.8190 	 LR 0.0088 	 Train images 1250 	 Round  13
Device  6 	 Train loss 0.8472 	 LR 0.0087 	 Train images 1250 	 Round  14
Device  6 	 Train loss 0.7950 	 LR 0.0086 	 Train images 1250 	 Round  15
Device  6 	 Train loss 0.6273 	 LR 0.0085 	 Train images 1250 	 Round  16
Device  6 	 Train loss 0.5095 	 LR 0.0084 	 Train images 1250 	 Round  17
Device  6 	 Train loss 0.5420 	 LR 0.0083 	 Train images 1250 	 Round  18
Device  6 	 Train loss 0.4761 	 LR 0.0083 	 Train images 1250 	 Round  19
Device  6 	 Train loss 0.4212 	 LR 0.0082 	 Train images 1250 	 Round  20
Device  6 	 Train loss 0.4316 	 LR 0.0081 	 Train images 1250 	 Round  21
Device  6 	 Train loss 0.4348 	 LR 0.0080 	 Train images 1250 	 Round  22
Device  6 	 Train loss 0.3352 	 LR 0.0079 	 Train images 1250 	 Round  23
Device  6 	 Train loss 0.2591 	 LR 0.0079 	 Train images 1250 	 Round  24
Device  6 	 Train loss 0.2250 	 LR 0.0078 	 Train images 1250 	 Round  25
Device  6 	 Train loss 0.2822 	 LR 0.0077 	 Train images 1250 	 Round  26
Device  6 	 Train loss 0.2719 	 LR 0.0076 	 Train images 1250 	 Round  27
Device  6 	 Train loss 0.2364 	 LR 0.0075 	 Train images 1250 	 Round  28
Device  6 	 Train loss 0.1448 	 LR 0.0075 	 Train images 1250 	 Round  29
Device  6 	 Train loss 0.0323 	 LR 0.0010 	 Train images 1250 	 Round  30
Device  6 	 Train loss 0.0294 	 LR 0.0010 	 Train images 1250 	 Round  31
Device  6 	 Train loss 0.0246 	 LR 0.0010 	 Train images 1250 	 Round  32
Device  6 	 Train loss 0.0274 	 LR 0.0010 	 Train images 1250 	 Round  33
Device  6 	 Train loss 0.0201 	 LR 0.0010 	 Train images 1250 	 Round  34
Device  6 	 Train loss 0.0194 	 LR 0.0010 	 Train images 1250 	 Round  35
Device  6 	 Train loss 0.0173 	 LR 0.0009 	 Train images 1250 	 Round  36
Device  6 	 Train loss 0.0151 	 LR 0.0009 	 Train images 1250 	 Round  37
Device  6 	 Train loss 0.0162 	 LR 0.0009 	 Train images 1250 	 Round  38
Device  6 	 Train loss 0.0155 	 LR 0.0009 	 Train images 1250 	 Round  39
Device  6 	 Train loss 0.0157 	 LR 0.0009 	 Train images 1250 	 Round  40
Device  6 	 Train loss 0.0144 	 LR 0.0009 	 Train images 1250 	 Round  41
Device  6 	 Train loss 0.0148 	 LR 0.0009 	 Train images 1250 	 Round  42
Device  6 	 Train loss 0.0139 	 LR 0.0009 	 Train images 1250 	 Round  43
Device  6 	 Train loss 0.0103 	 LR 0.0009 	 Train images 1250 	 Round  44
Device  6 	 Train loss 0.0127 	 LR 0.0009 	 Train images 1250 	 Round  45
Device  6 	 Train loss 0.0100 	 LR 0.0009 	 Train images 1250 	 Round  46
Device  6 	 Train loss 0.0112 	 LR 0.0008 	 Train images 1250 	 Round  47
Device  6 	 Train loss 0.0101 	 LR 0.0008 	 Train images 1250 	 Round  48
Device  6 	 Train loss 0.0113 	 LR 0.0008 	 Train images 1250 	 Round  49
Device  6 	 Train loss 0.0114 	 LR 0.0008 	 Train images 1250 	 Round  50
Defense none on Dataset CIFAR10.
Finished computations with time: 0:06:39.923318

Namespace(seed=42, output_dir='./logs', demo=False, pretrained=False, train_lr=0.01, root='/home/lgd/Desktop/SNNFL/datasets', dataset='CIFAR10', num_workers=2, batch_size=64, num_sen=64, defense='none', attack='gs', percent_num=70, layer_num=6, noise_name='Gaussian', loc=0.0, scale=0.01, per_adv=1, dcs_iter=1000, dcs_lr=0.1, lambda_xsim=0.01, lambda_zsim=0.01, epsilon=0.01, early_stop=True, xsim_thr=150.0, lambda_y=0.7, project=True, startpoint='none', mixup=True, precode_size=256, beta=0.001, aug_list='21-13-3+7-4-15', method='iid', TotalDevNum=10, DevNum=6, n_data=2000, Pro_dev=5, device_id=-1)
Currently evaluating -------------------------------:
CPUs: 24, GPUs: 1 on ubuntu.
GPU : NVIDIA GeForce RTX 4090
Device  6 	 Train loss 2.5218 	 LR 0.0099 	 Train images 1250 	 Round   1
Device  6 	 Train loss 2.2021 	 LR 0.0098 	 Train images 1250 	 Round   2
Device  6 	 Train loss 1.9479 	 LR 0.0097 	 Train images 1250 	 Round   3
Device  6 	 Train loss 1.8227 	 LR 0.0096 	 Train images 1250 	 Round   4
Device  6 	 Train loss 1.7150 	 LR 0.0095 	 Train images 1250 	 Round   5
Device  6 	 Train loss 1.6771 	 LR 0.0094 	 Train images 1250 	 Round   6
Device  6 	 Train loss 1.5757 	 LR 0.0093 	 Train images 1250 	 Round   7
Device  6 	 Train loss 1.4316 	 LR 0.0092 	 Train images 1250 	 Round   8
Device  6 	 Train loss 1.4518 	 LR 0.0091 	 Train images 1250 	 Round   9
Device  6 	 Train loss 1.3982 	 LR 0.0090 	 Train images 1250 	 Round  10
Device  6 	 Train loss 1.4148 	 LR 0.0090 	 Train images 1250 	 Round  11
Device  6 	 Train loss 1.3638 	 LR 0.0089 	 Train images 1250 	 Round  12
Device  6 	 Train loss 1.1796 	 LR 0.0088 	 Train images 1250 	 Round  13
Device  6 	 Train loss 1.2285 	 LR 0.0087 	 Train images 1250 	 Round  14
Device  6 	 Train loss 1.1713 	 LR 0.0086 	 Train images 1250 	 Round  15
Device  6 	 Train loss 1.0652 	 LR 0.0085 	 Train images 1250 	 Round  16
Device  6 	 Train loss 1.0177 	 LR 0.0084 	 Train images 1250 	 Round  17
Device  6 	 Train loss 1.0356 	 LR 0.0083 	 Train images 1250 	 Round  18
Device  6 	 Train loss 1.0312 	 LR 0.0083 	 Train images 1250 	 Round  19
Device  6 	 Train loss 0.9302 	 LR 0.0082 	 Train images 1250 	 Round  20
Device  6 	 Train loss 0.8939 	 LR 0.0081 	 Train images 1250 	 Round  21
Device  6 	 Train loss 0.8664 	 LR 0.0080 	 Train images 1250 	 Round  22
Device  6 	 Train loss 0.7260 	 LR 0.0079 	 Train images 1250 	 Round  23
Device  6 	 Train loss 0.7368 	 LR 0.0079 	 Train images 1250 	 Round  24
Device  6 	 Train loss 0.8368 	 LR 0.0078 	 Train images 1250 	 Round  25
Device  6 	 Train loss 0.7210 	 LR 0.0077 	 Train images 1250 	 Round  26
Device  6 	 Train loss 0.6471 	 LR 0.0076 	 Train images 1250 	 Round  27
Device  6 	 Train loss 0.6628 	 LR 0.0075 	 Train images 1250 	 Round  28
Device  6 	 Train loss 0.7090 	 LR 0.0075 	 Train images 1250 	 Round  29
Device  6 	 Train loss 0.3674 	 LR 0.0010 	 Train images 1250 	 Round  30
Device  6 	 Train loss 0.2701 	 LR 0.0010 	 Train images 1250 	 Round  31
Device  6 	 Train loss 0.2414 	 LR 0.0010 	 Train images 1250 	 Round  32
Device  6 	 Train loss 0.2136 	 LR 0.0010 	 Train images 1250 	 Round  33
Device  6 	 Train loss 0.1835 	 LR 0.0010 	 Train images 1250 	 Round  34
Device  6 	 Train loss 0.1656 	 LR 0.0010 	 Train images 1250 	 Round  35
Device  6 	 Train loss 0.1649 	 LR 0.0009 	 Train images 1250 	 Round  36
Device  6 	 Train loss 0.1362 	 LR 0.0009 	 Train images 1250 	 Round  37
Device  6 	 Train loss 0.1287 	 LR 0.0009 	 Train images 1250 	 Round  38
Device  6 	 Train loss 0.1147 	 LR 0.0009 	 Train images 1250 	 Round  39
Device  6 	 Train loss 0.1118 	 LR 0.0009 	 Train images 1250 	 Round  40
Device  6 	 Train loss 0.1039 	 LR 0.0009 	 Train images 1250 	 Round  41
Device  6 	 Train loss 0.0907 	 LR 0.0009 	 Train images 1250 	 Round  42
Device  6 	 Train loss 0.0728 	 LR 0.0009 	 Train images 1250 	 Round  43
Device  6 	 Train loss 0.0738 	 LR 0.0009 	 Train images 1250 	 Round  44
Device  6 	 Train loss 0.0626 	 LR 0.0009 	 Train images 1250 	 Round  45
Device  6 	 Train loss 0.0761 	 LR 0.0009 	 Train images 1250 	 Round  46
Device  6 	 Train loss 0.0644 	 LR 0.0008 	 Train images 1250 	 Round  47
Device  6 	 Train loss 0.0597 	 LR 0.0008 	 Train images 1250 	 Round  48
Device  6 	 Train loss 0.0610 	 LR 0.0008 	 Train images 1250 	 Round  49
Device  6 	 Train loss 0.0458 	 LR 0.0008 	 Train images 1250 	 Round  50
Defense none on Dataset CIFAR10.
Finished computations with time: 0:09:15.985389

Namespace(seed=42, output_dir='./logs', demo=False, pretrained=False, train_lr=0.01, root='/home/lgd/Desktop/SNNFL/datasets', dataset='CIFAR10', num_workers=2, batch_size=64, num_sen=64, defense='none', attack='gs', percent_num=70, layer_num=6, noise_name='Gaussian', loc=0.0, scale=0.01, per_adv=1, dcs_iter=1000, dcs_lr=0.1, lambda_xsim=0.01, lambda_zsim=0.01, epsilon=0.01, early_stop=True, xsim_thr=150.0, lambda_y=0.7, project=True, startpoint='none', mixup=True, precode_size=256, beta=0.001, aug_list='21-13-3+7-4-15', method='iid', TotalDevNum=10, DevNum=6, n_data=2000, Pro_dev=5, device_id=-1)
Currently evaluating -------------------------------:
CPUs: 24, GPUs: 1 on ubuntu.
GPU : NVIDIA GeForce RTX 4090
Device  6 	 Train loss 4.2340 	 LR 0.0099 	 Train images 1250 	 Round   1
Device  6 	 Train loss 2.5263 	 LR 0.0098 	 Train images 1250 	 Round   2
Device  6 	 Train loss 2.2693 	 LR 0.0097 	 Train images 1250 	 Round   3
Device  6 	 Train loss 2.2198 	 LR 0.0096 	 Train images 1250 	 Round   4
Device  6 	 Train loss 2.1815 	 LR 0.0095 	 Train images 1250 	 Round   5
Device  6 	 Train loss 2.1502 	 LR 0.0094 	 Train images 1250 	 Round   6
Device  6 	 Train loss 2.1486 	 LR 0.0093 	 Train images 1250 	 Round   7
Device  6 	 Train loss 2.0911 	 LR 0.0092 	 Train images 1250 	 Round   8
Device  6 	 Train loss 2.0620 	 LR 0.0091 	 Train images 1250 	 Round   9
Device  6 	 Train loss 2.0743 	 LR 0.0090 	 Train images 1250 	 Round  10
Device  6 	 Train loss 2.0405 	 LR 0.0090 	 Train images 1250 	 Round  11
Device  6 	 Train loss 2.0252 	 LR 0.0089 	 Train images 1250 	 Round  12
Device  6 	 Train loss 1.9905 	 LR 0.0088 	 Train images 1250 	 Round  13
Device  6 	 Train loss 1.9810 	 LR 0.0087 	 Train images 1250 	 Round  14
Device  6 	 Train loss 1.9986 	 LR 0.0086 	 Train images 1250 	 Round  15
Device  6 	 Train loss 1.9706 	 LR 0.0085 	 Train images 1250 	 Round  16
Device  6 	 Train loss 1.9794 	 LR 0.0084 	 Train images 1250 	 Round  17
Device  6 	 Train loss 1.9670 	 LR 0.0083 	 Train images 1250 	 Round  18
Device  6 	 Train loss 1.9429 	 LR 0.0083 	 Train images 1250 	 Round  19
Device  6 	 Train loss 1.9406 	 LR 0.0082 	 Train images 1250 	 Round  20
Device  6 	 Train loss 1.9351 	 LR 0.0081 	 Train images 1250 	 Round  21
Device  6 	 Train loss 1.9223 	 LR 0.0080 	 Train images 1250 	 Round  22
Device  6 	 Train loss 1.9090 	 LR 0.0079 	 Train images 1250 	 Round  23
Device  6 	 Train loss 1.9149 	 LR 0.0079 	 Train images 1250 	 Round  24
Device  6 	 Train loss 1.9076 	 LR 0.0078 	 Train images 1250 	 Round  25
Device  6 	 Train loss 1.9062 	 LR 0.0077 	 Train images 1250 	 Round  26
Device  6 	 Train loss 1.8804 	 LR 0.0076 	 Train images 1250 	 Round  27
Device  6 	 Train loss 1.8776 	 LR 0.0075 	 Train images 1250 	 Round  28
Device  6 	 Train loss 1.8644 	 LR 0.0075 	 Train images 1250 	 Round  29
Device  6 	 Train loss 1.8527 	 LR 0.0010 	 Train images 1250 	 Round  30
Device  6 	 Train loss 1.8456 	 LR 0.0010 	 Train images 1250 	 Round  31
Device  6 	 Train loss 1.8574 	 LR 0.0010 	 Train images 1250 	 Round  32
Device  6 	 Train loss 1.8434 	 LR 0.0010 	 Train images 1250 	 Round  33
Device  6 	 Train loss 1.8443 	 LR 0.0010 	 Train images 1250 	 Round  34
Device  6 	 Train loss 1.8521 	 LR 0.0010 	 Train images 1250 	 Round  35
Device  6 	 Train loss 1.8441 	 LR 0.0009 	 Train images 1250 	 Round  36
Device  6 	 Train loss 1.8410 	 LR 0.0009 	 Train images 1250 	 Round  37
Device  6 	 Train loss 1.8391 	 LR 0.0009 	 Train images 1250 	 Round  38
Device  6 	 Train loss 1.8363 	 LR 0.0009 	 Train images 1250 	 Round  39
Device  6 	 Train loss 1.8407 	 LR 0.0009 	 Train images 1250 	 Round  40
Device  6 	 Train loss 1.8438 	 LR 0.0009 	 Train images 1250 	 Round  41
Device  6 	 Train loss 1.8426 	 LR 0.0009 	 Train images 1250 	 Round  42
Device  6 	 Train loss 1.8395 	 LR 0.0009 	 Train images 1250 	 Round  43
Device  6 	 Train loss 1.8402 	 LR 0.0009 	 Train images 1250 	 Round  44
Device  6 	 Train loss 1.8335 	 LR 0.0009 	 Train images 1250 	 Round  45
Device  6 	 Train loss 1.8430 	 LR 0.0009 	 Train images 1250 	 Round  46
Device  6 	 Train loss 1.8368 	 LR 0.0008 	 Train images 1250 	 Round  47
Device  6 	 Train loss 1.8432 	 LR 0.0008 	 Train images 1250 	 Round  48
Device  6 	 Train loss 1.8416 	 LR 0.0008 	 Train images 1250 	 Round  49
Device  6 	 Train loss 1.8376 	 LR 0.0008 	 Train images 1250 	 Round  50
Defense none on Dataset CIFAR10.
Finished computations with time: 0:03:25.349122

Namespace(seed=42, output_dir='./logs', demo=False, pretrained=False, train_lr=0.01, root='/home/lgd/Desktop/SNNFL/datasets', dataset='CIFAR10', num_workers=2, batch_size=64, num_sen=64, defense='none', attack='gs', percent_num=70, layer_num=6, noise_name='Gaussian', loc=0.0, scale=0.01, per_adv=1, dcs_iter=1000, dcs_lr=0.1, lambda_xsim=0.01, lambda_zsim=0.01, epsilon=0.01, early_stop=True, xsim_thr=150.0, lambda_y=0.7, project=True, startpoint='none', mixup=True, precode_size=256, beta=0.001, aug_list='21-13-3+7-4-15', method='iid', TotalDevNum=10, DevNum=6, n_data=2000, Pro_dev=5, device_id=-1)
Currently evaluating -------------------------------:
CPUs: 24, GPUs: 1 on ubuntu.
GPU : NVIDIA GeForce RTX 4090
<class 'torchvision.datasets.cifar.CIFAR10'>
Device  6 	 Train loss 4.0258 	 LR 0.0099 	 Train images 1250 	 Round   1
Device  6 	 Train loss 2.6477 	 LR 0.0098 	 Train images 1250 	 Round   2
Device  6 	 Train loss 2.3608 	 LR 0.0097 	 Train images 1250 	 Round   3
Device  6 	 Train loss 2.3378 	 LR 0.0096 	 Train images 1250 	 Round   4
Device  6 	 Train loss 2.3170 	 LR 0.0095 	 Train images 1250 	 Round   5
Device  6 	 Train loss 2.3120 	 LR 0.0094 	 Train images 1250 	 Round   6
Device  6 	 Train loss 2.3416 	 LR 0.0093 	 Train images 1250 	 Round   7
Device  6 	 Train loss 2.3041 	 LR 0.0092 	 Train images 1250 	 Round   8
Device  6 	 Train loss 2.2917 	 LR 0.0091 	 Train images 1250 	 Round   9
Device  6 	 Train loss 2.2746 	 LR 0.0090 	 Train images 1250 	 Round  10
Device  6 	 Train loss 2.2594 	 LR 0.0090 	 Train images 1250 	 Round  11
Device  6 	 Train loss 2.2421 	 LR 0.0089 	 Train images 1250 	 Round  12
Device  6 	 Train loss 2.2238 	 LR 0.0088 	 Train images 1250 	 Round  13
Device  6 	 Train loss 2.2087 	 LR 0.0087 	 Train images 1250 	 Round  14
Device  6 	 Train loss 2.2348 	 LR 0.0086 	 Train images 1250 	 Round  15
Device  6 	 Train loss 2.1923 	 LR 0.0085 	 Train images 1250 	 Round  16
Device  6 	 Train loss 2.1912 	 LR 0.0084 	 Train images 1250 	 Round  17
Device  6 	 Train loss 2.1876 	 LR 0.0083 	 Train images 1250 	 Round  18
Device  6 	 Train loss 2.1662 	 LR 0.0083 	 Train images 1250 	 Round  19
Device  6 	 Train loss 2.1693 	 LR 0.0082 	 Train images 1250 	 Round  20
Device  6 	 Train loss 2.1852 	 LR 0.0081 	 Train images 1250 	 Round  21
Device  6 	 Train loss 2.1209 	 LR 0.0080 	 Train images 1250 	 Round  22
Device  6 	 Train loss 2.1191 	 LR 0.0079 	 Train images 1250 	 Round  23
Device  6 	 Train loss 2.1502 	 LR 0.0079 	 Train images 1250 	 Round  24
Device  6 	 Train loss 2.1248 	 LR 0.0078 	 Train images 1250 	 Round  25
Device  6 	 Train loss 2.1101 	 LR 0.0077 	 Train images 1250 	 Round  26
Device  6 	 Train loss 2.1013 	 LR 0.0076 	 Train images 1250 	 Round  27
Device  6 	 Train loss 2.0831 	 LR 0.0075 	 Train images 1250 	 Round  28
Device  6 	 Train loss 2.1070 	 LR 0.0075 	 Train images 1250 	 Round  29
Device  6 	 Train loss 2.0494 	 LR 0.0010 	 Train images 1250 	 Round  30
Device  6 	 Train loss 2.0426 	 LR 0.0010 	 Train images 1250 	 Round  31
Device  6 	 Train loss 2.0512 	 LR 0.0010 	 Train images 1250 	 Round  32
Device  6 	 Train loss 2.0446 	 LR 0.0010 	 Train images 1250 	 Round  33
Device  6 	 Train loss 2.0424 	 LR 0.0010 	 Train images 1250 	 Round  34
Device  6 	 Train loss 2.0493 	 LR 0.0010 	 Train images 1250 	 Round  35
Device  6 	 Train loss 2.0453 	 LR 0.0009 	 Train images 1250 	 Round  36
Device  6 	 Train loss 2.0475 	 LR 0.0009 	 Train images 1250 	 Round  37
Device  6 	 Train loss 2.0396 	 LR 0.0009 	 Train images 1250 	 Round  38
Device  6 	 Train loss 2.0412 	 LR 0.0009 	 Train images 1250 	 Round  39
Device  6 	 Train loss 2.0428 	 LR 0.0009 	 Train images 1250 	 Round  40
Device  6 	 Train loss 2.0424 	 LR 0.0009 	 Train images 1250 	 Round  41
Device  6 	 Train loss 2.0437 	 LR 0.0009 	 Train images 1250 	 Round  42
Device  6 	 Train loss 2.0464 	 LR 0.0009 	 Train images 1250 	 Round  43
Device  6 	 Train loss 2.0430 	 LR 0.0009 	 Train images 1250 	 Round  44
Device  6 	 Train loss 2.0410 	 LR 0.0009 	 Train images 1250 	 Round  45
Device  6 	 Train loss 2.0453 	 LR 0.0009 	 Train images 1250 	 Round  46
Device  6 	 Train loss 2.0396 	 LR 0.0008 	 Train images 1250 	 Round  47
Device  6 	 Train loss 2.0422 	 LR 0.0008 	 Train images 1250 	 Round  48
Device  6 	 Train loss 2.0440 	 LR 0.0008 	 Train images 1250 	 Round  49
Device  6 	 Train loss 2.0442 	 LR 0.0008 	 Train images 1250 	 Round  50
Defense none on Dataset CIFAR10.
Finished computations with time: 0:03:27.698053

Namespace(seed=42, output_dir='./logs', demo=False, pretrained=False, train_lr=0.01, root='/home/lgd/Desktop/SNNFL/datasets', dataset='CIFAR10', num_workers=2, batch_size=64, num_sen=64, defense='none', attack='gs', percent_num=70, layer_num=6, noise_name='Gaussian', loc=0.0, scale=0.01, per_adv=1, dcs_iter=1000, dcs_lr=0.1, lambda_xsim=0.01, lambda_zsim=0.01, epsilon=0.01, early_stop=True, xsim_thr=150.0, lambda_y=0.7, project=True, startpoint='none', mixup=True, precode_size=256, beta=0.001, aug_list='21-13-3+7-4-15', method='iid', TotalDevNum=10, DevNum=6, n_data=2000, Pro_dev=5, device_id=-1)
Currently evaluating -------------------------------:
CPUs: 24, GPUs: 1 on ubuntu.
GPU : NVIDIA GeForce RTX 4090
<class 'torchvision.datasets.cifar.CIFAR10'>
Device  6 	 Train loss 4.1054 	 LR 0.0099 	 Train images 1250 	 Round   1
Device  6 	 Train loss 2.5676 	 LR 0.0098 	 Train images 1250 	 Round   2
Device  6 	 Train loss 2.3577 	 LR 0.0097 	 Train images 1250 	 Round   3
Device  6 	 Train loss 2.3269 	 LR 0.0096 	 Train images 1250 	 Round   4
Device  6 	 Train loss 2.3080 	 LR 0.0095 	 Train images 1250 	 Round   5
Device  6 	 Train loss 2.2934 	 LR 0.0094 	 Train images 1250 	 Round   6
Device  6 	 Train loss 2.3039 	 LR 0.0093 	 Train images 1250 	 Round   7
Device  6 	 Train loss 2.2439 	 LR 0.0092 	 Train images 1250 	 Round   8
Device  6 	 Train loss 2.2195 	 LR 0.0091 	 Train images 1250 	 Round   9
Device  6 	 Train loss 2.1967 	 LR 0.0090 	 Train images 1250 	 Round  10
Device  6 	 Train loss 2.1586 	 LR 0.0090 	 Train images 1250 	 Round  11
Device  6 	 Train loss 2.1429 	 LR 0.0089 	 Train images 1250 	 Round  12
Device  6 	 Train loss 2.1017 	 LR 0.0088 	 Train images 1250 	 Round  13
Device  6 	 Train loss 2.0875 	 LR 0.0087 	 Train images 1250 	 Round  14
Device  6 	 Train loss 2.1248 	 LR 0.0086 	 Train images 1250 	 Round  15
Device  6 	 Train loss 2.0959 	 LR 0.0085 	 Train images 1250 	 Round  16
Device  6 	 Train loss 2.0795 	 LR 0.0084 	 Train images 1250 	 Round  17
Device  6 	 Train loss 2.0902 	 LR 0.0083 	 Train images 1250 	 Round  18
Device  6 	 Train loss 2.0641 	 LR 0.0083 	 Train images 1250 	 Round  19
Device  6 	 Train loss 2.0628 	 LR 0.0082 	 Train images 1250 	 Round  20
Device  6 	 Train loss 2.0591 	 LR 0.0081 	 Train images 1250 	 Round  21
Device  6 	 Train loss 2.0602 	 LR 0.0080 	 Train images 1250 	 Round  22
Device  6 	 Train loss 2.0428 	 LR 0.0079 	 Train images 1250 	 Round  23
Device  6 	 Train loss 2.0508 	 LR 0.0079 	 Train images 1250 	 Round  24
Device  6 	 Train loss 2.0531 	 LR 0.0078 	 Train images 1250 	 Round  25
Device  6 	 Train loss 2.0360 	 LR 0.0077 	 Train images 1250 	 Round  26
Device  6 	 Train loss 2.0206 	 LR 0.0076 	 Train images 1250 	 Round  27
Device  6 	 Train loss 2.0201 	 LR 0.0075 	 Train images 1250 	 Round  28
Device  6 	 Train loss 2.0159 	 LR 0.0075 	 Train images 1250 	 Round  29
Device  6 	 Train loss 1.9837 	 LR 0.0010 	 Train images 1250 	 Round  30
Device  6 	 Train loss 1.9805 	 LR 0.0010 	 Train images 1250 	 Round  31
Device  6 	 Train loss 1.9896 	 LR 0.0010 	 Train images 1250 	 Round  32
Device  6 	 Train loss 1.9778 	 LR 0.0010 	 Train images 1250 	 Round  33
Device  6 	 Train loss 1.9748 	 LR 0.0010 	 Train images 1250 	 Round  34
Device  6 	 Train loss 1.9836 	 LR 0.0010 	 Train images 1250 	 Round  35
Device  6 	 Train loss 1.9801 	 LR 0.0009 	 Train images 1250 	 Round  36
Device  6 	 Train loss 1.9786 	 LR 0.0009 	 Train images 1250 	 Round  37
Device  6 	 Train loss 1.9745 	 LR 0.0009 	 Train images 1250 	 Round  38
Device  6 	 Train loss 1.9750 	 LR 0.0009 	 Train images 1250 	 Round  39
Device  6 	 Train loss 1.9746 	 LR 0.0009 	 Train images 1250 	 Round  40
Device  6 	 Train loss 1.9767 	 LR 0.0009 	 Train images 1250 	 Round  41
Device  6 	 Train loss 1.9770 	 LR 0.0009 	 Train images 1250 	 Round  42
Device  6 	 Train loss 1.9768 	 LR 0.0009 	 Train images 1250 	 Round  43
Device  6 	 Train loss 1.9761 	 LR 0.0009 	 Train images 1250 	 Round  44
Device  6 	 Train loss 1.9704 	 LR 0.0009 	 Train images 1250 	 Round  45
Device  6 	 Train loss 1.9777 	 LR 0.0009 	 Train images 1250 	 Round  46
Device  6 	 Train loss 1.9714 	 LR 0.0008 	 Train images 1250 	 Round  47
Device  6 	 Train loss 1.9736 	 LR 0.0008 	 Train images 1250 	 Round  48
Device  6 	 Train loss 1.9764 	 LR 0.0008 	 Train images 1250 	 Round  49
Device  6 	 Train loss 1.9741 	 LR 0.0008 	 Train images 1250 	 Round  50
Defense none on Dataset CIFAR10.
Finished computations with time: 0:03:24.945524

Namespace(seed=42, output_dir='./logs', demo=False, pretrained=False, train_lr=0.01, root='/home/lgd/Desktop/SNNFL/datasets', dataset='CIFAR10', num_workers=2, batch_size=64, num_sen=64, defense='none', attack='gs', percent_num=70, layer_num=6, noise_name='Gaussian', loc=0.0, scale=0.01, per_adv=1, dcs_iter=1000, dcs_lr=0.1, lambda_xsim=0.01, lambda_zsim=0.01, epsilon=0.01, early_stop=True, xsim_thr=150.0, lambda_y=0.7, project=True, startpoint='none', mixup=True, precode_size=256, beta=0.001, aug_list='21-13-3+7-4-15', method='iid', TotalDevNum=10, DevNum=6, n_data=2000, Pro_dev=5, device_id=-1)
Currently evaluating -------------------------------:
CPUs: 24, GPUs: 1 on ubuntu.
GPU : NVIDIA GeForce RTX 4090
<class 'torchvision.datasets.cifar.CIFAR10'>
Device  6 	 Train loss 2.7562 	 LR 0.0099 	 Train images 1250 	 Round   1
Device  6 	 Train loss 1.9326 	 LR 0.0098 	 Train images 1250 	 Round   2
Device  6 	 Train loss 1.6987 	 LR 0.0097 	 Train images 1250 	 Round   3
Device  6 	 Train loss 1.5955 	 LR 0.0096 	 Train images 1250 	 Round   4
Device  6 	 Train loss 1.5207 	 LR 0.0095 	 Train images 1250 	 Round   5
Device  6 	 Train loss 1.4321 	 LR 0.0094 	 Train images 1250 	 Round   6
Device  6 	 Train loss 1.3713 	 LR 0.0093 	 Train images 1250 	 Round   7
Device  6 	 Train loss 1.2806 	 LR 0.0092 	 Train images 1250 	 Round   8
Device  6 	 Train loss 1.2461 	 LR 0.0091 	 Train images 1250 	 Round   9
Device  6 	 Train loss 1.1339 	 LR 0.0090 	 Train images 1250 	 Round  10
Device  6 	 Train loss 1.1206 	 LR 0.0090 	 Train images 1250 	 Round  11
Device  6 	 Train loss 1.0383 	 LR 0.0089 	 Train images 1250 	 Round  12
Device  6 	 Train loss 1.0091 	 LR 0.0088 	 Train images 1250 	 Round  13
Device  6 	 Train loss 0.8552 	 LR 0.0087 	 Train images 1250 	 Round  14
Device  6 	 Train loss 0.8078 	 LR 0.0086 	 Train images 1250 	 Round  15
Device  6 	 Train loss 0.7552 	 LR 0.0085 	 Train images 1250 	 Round  16
Device  6 	 Train loss 0.7291 	 LR 0.0084 	 Train images 1250 	 Round  17
Device  6 	 Train loss 0.7841 	 LR 0.0083 	 Train images 1250 	 Round  18
Device  6 	 Train loss 0.6719 	 LR 0.0083 	 Train images 1250 	 Round  19
Device  6 	 Train loss 0.5725 	 LR 0.0082 	 Train images 1250 	 Round  20
Device  6 	 Train loss 0.5356 	 LR 0.0081 	 Train images 1250 	 Round  21
Device  6 	 Train loss 0.4997 	 LR 0.0080 	 Train images 1250 	 Round  22
Device  6 	 Train loss 0.4820 	 LR 0.0079 	 Train images 1250 	 Round  23
Device  6 	 Train loss 0.4879 	 LR 0.0079 	 Train images 1250 	 Round  24
Device  6 	 Train loss 0.4587 	 LR 0.0078 	 Train images 1250 	 Round  25
Device  6 	 Train loss 0.3970 	 LR 0.0077 	 Train images 1250 	 Round  26
Device  6 	 Train loss 0.3397 	 LR 0.0076 	 Train images 1250 	 Round  27
Device  6 	 Train loss 0.2949 	 LR 0.0075 	 Train images 1250 	 Round  28
Device  6 	 Train loss 0.2586 	 LR 0.0075 	 Train images 1250 	 Round  29
Device  6 	 Train loss 0.1665 	 LR 0.0010 	 Train images 1250 	 Round  30
Device  6 	 Train loss 0.1342 	 LR 0.0010 	 Train images 1250 	 Round  31
Device  6 	 Train loss 0.1255 	 LR 0.0010 	 Train images 1250 	 Round  32
Device  6 	 Train loss 0.1180 	 LR 0.0010 	 Train images 1250 	 Round  33
Device  6 	 Train loss 0.1154 	 LR 0.0010 	 Train images 1250 	 Round  34
Device  6 	 Train loss 0.1092 	 LR 0.0010 	 Train images 1250 	 Round  35
Device  6 	 Train loss 0.1022 	 LR 0.0009 	 Train images 1250 	 Round  36
Device  6 	 Train loss 0.0993 	 LR 0.0009 	 Train images 1250 	 Round  37
Device  6 	 Train loss 0.1013 	 LR 0.0009 	 Train images 1250 	 Round  38
Device  6 	 Train loss 0.0896 	 LR 0.0009 	 Train images 1250 	 Round  39
Device  6 	 Train loss 0.0950 	 LR 0.0009 	 Train images 1250 	 Round  40
Device  6 	 Train loss 0.0848 	 LR 0.0009 	 Train images 1250 	 Round  41
Device  6 	 Train loss 0.0854 	 LR 0.0009 	 Train images 1250 	 Round  42
Device  6 	 Train loss 0.0816 	 LR 0.0009 	 Train images 1250 	 Round  43
Device  6 	 Train loss 0.0833 	 LR 0.0009 	 Train images 1250 	 Round  44
Device  6 	 Train loss 0.0780 	 LR 0.0009 	 Train images 1250 	 Round  45
Device  6 	 Train loss 0.0724 	 LR 0.0009 	 Train images 1250 	 Round  46
Device  6 	 Train loss 0.0744 	 LR 0.0008 	 Train images 1250 	 Round  47
Device  6 	 Train loss 0.0668 	 LR 0.0008 	 Train images 1250 	 Round  48
Device  6 	 Train loss 0.0679 	 LR 0.0008 	 Train images 1250 	 Round  49
Device  6 	 Train loss 0.0634 	 LR 0.0008 	 Train images 1250 	 Round  50
Defense none on Dataset CIFAR10.
Finished computations with time: 0:05:59.106877

