Namespace(seed=42, output_dir='./logs', demo=False, pretrained=False, train_lr=0.01, root='/home/lgd/Desktop/SNNFL/datasets', dataset='CIFAR10', num_workers=2, batch_size=64, num_sen=64, defense='dp', attack='gs', percent_num=70, layer_num=6, noise_name='Gaussian', loc=0.0, scale=0.001, per_adv=1, dcs_iter=1000, dcs_lr=0.1, lambda_xsim=0.01, lambda_zsim=0.01, epsilon=0.01, early_stop=True, xsim_thr=150.0, lambda_y=0.7, project=True, startpoint='none', mixup=True, precode_size=256, beta=0.001, aug_list='21-13-3+7-4-15', method='non-iid', TotalDevNum=10, DevNum=9, n_data=2000, Pro_dev=5, device_id=-1)
Currently evaluating -------------------------------:
CPUs: 24, GPUs: 1 on ubuntu.
GPU : NVIDIA GeForce RTX 4090
<class 'torchvision.datasets.cifar.CIFAR10'>
Device  9 	 Train loss 1.0239 	 LR 0.0099 	 Train images 4000 	 Round   1
Device  9 	 Train loss 0.8850 	 LR 0.0098 	 Train images 4000 	 Round   2
Device  9 	 Train loss 0.6970 	 LR 0.0097 	 Train images 4000 	 Round   3
Device  9 	 Train loss 1.0123 	 LR 0.0096 	 Train images 4000 	 Round   4
Device  9 	 Train loss 0.7082 	 LR 0.0095 	 Train images 4000 	 Round   5
Device  9 	 Train loss 0.9729 	 LR 0.0094 	 Train images 4000 	 Round   6
Device  9 	 Train loss 0.6543 	 LR 0.0093 	 Train images 4000 	 Round   7
Device  9 	 Train loss 0.7894 	 LR 0.0092 	 Train images 4000 	 Round   8
Device  9 	 Train loss 0.6138 	 LR 0.0091 	 Train images 4000 	 Round   9
Device  9 	 Train loss 0.8799 	 LR 0.0090 	 Train images 4000 	 Round  10
Device  9 	 Train loss 0.6019 	 LR 0.0090 	 Train images 4000 	 Round  11
Device  9 	 Train loss 0.8045 	 LR 0.0089 	 Train images 4000 	 Round  12
Device  9 	 Train loss 0.5844 	 LR 0.0088 	 Train images 4000 	 Round  13
Device  9 	 Train loss 0.7082 	 LR 0.0087 	 Train images 4000 	 Round  14
Device  9 	 Train loss 0.5626 	 LR 0.0086 	 Train images 4000 	 Round  15
Device  9 	 Train loss 0.7216 	 LR 0.0085 	 Train images 4000 	 Round  16
Device  9 	 Train loss 0.5601 	 LR 0.0084 	 Train images 4000 	 Round  17
Device  9 	 Train loss 0.6646 	 LR 0.0083 	 Train images 4000 	 Round  18
Device  9 	 Train loss 0.5648 	 LR 0.0083 	 Train images 4000 	 Round  19
Device  9 	 Train loss 0.6449 	 LR 0.0082 	 Train images 4000 	 Round  20
Device  9 	 Train loss 0.5468 	 LR 0.0081 	 Train images 4000 	 Round  21
Device  9 	 Train loss 0.6222 	 LR 0.0080 	 Train images 4000 	 Round  22
Device  9 	 Train loss 0.5448 	 LR 0.0079 	 Train images 4000 	 Round  23
Device  9 	 Train loss 0.6046 	 LR 0.0079 	 Train images 4000 	 Round  24
Device  9 	 Train loss 0.5534 	 LR 0.0078 	 Train images 4000 	 Round  25
Device  9 	 Train loss 0.6131 	 LR 0.0077 	 Train images 4000 	 Round  26
Device  9 	 Train loss 0.5325 	 LR 0.0076 	 Train images 4000 	 Round  27
Device  9 	 Train loss 0.5920 	 LR 0.0075 	 Train images 4000 	 Round  28
Device  9 	 Train loss 0.5577 	 LR 0.0075 	 Train images 4000 	 Round  29
Device  9 	 Train loss 0.7511 	 LR 0.0010 	 Train images 4000 	 Round  30
Device  9 	 Train loss 0.6600 	 LR 0.0010 	 Train images 4000 	 Round  31
Device  9 	 Train loss 0.6462 	 LR 0.0010 	 Train images 4000 	 Round  32
Device  9 	 Train loss 0.6448 	 LR 0.0010 	 Train images 4000 	 Round  33
Device  9 	 Train loss 0.6373 	 LR 0.0010 	 Train images 4000 	 Round  34
Device  9 	 Train loss 0.6367 	 LR 0.0010 	 Train images 4000 	 Round  35
Device  9 	 Train loss 0.6324 	 LR 0.0009 	 Train images 4000 	 Round  36
Device  9 	 Train loss 0.6338 	 LR 0.0009 	 Train images 4000 	 Round  37
Device  9 	 Train loss 0.6316 	 LR 0.0009 	 Train images 4000 	 Round  38
Device  9 	 Train loss 0.6224 	 LR 0.0009 	 Train images 4000 	 Round  39
Device  9 	 Train loss 0.6266 	 LR 0.0009 	 Train images 4000 	 Round  40
Device  9 	 Train loss 0.6199 	 LR 0.0009 	 Train images 4000 	 Round  41
Device  9 	 Train loss 0.6227 	 LR 0.0009 	 Train images 4000 	 Round  42
Device  9 	 Train loss 0.6181 	 LR 0.0009 	 Train images 4000 	 Round  43
Device  9 	 Train loss 0.6208 	 LR 0.0009 	 Train images 4000 	 Round  44
Device  9 	 Train loss 0.6160 	 LR 0.0009 	 Train images 4000 	 Round  45
Device  9 	 Train loss 0.6124 	 LR 0.0009 	 Train images 4000 	 Round  46
Device  9 	 Train loss 0.6070 	 LR 0.0008 	 Train images 4000 	 Round  47
Device  9 	 Train loss 0.6156 	 LR 0.0008 	 Train images 4000 	 Round  48
Device  9 	 Train loss 0.6157 	 LR 0.0008 	 Train images 4000 	 Round  49
Device  9 	 Train loss 0.6090 	 LR 0.0008 	 Train images 4000 	 Round  50
Defense dp on Dataset CIFAR10.
Finished computations with time: 0:17:09.054621

Namespace(seed=42, output_dir='./logs', demo=False, pretrained=False, train_lr=0.01, root='/home/lgd/Desktop/SNNFL/datasets', dataset='CIFAR10', num_workers=2, batch_size=64, num_sen=64, defense='dp', attack='gs', percent_num=70, layer_num=6, noise_name='Gaussian', loc=0.0, scale=0.001, per_adv=1, dcs_iter=1000, dcs_lr=0.1, lambda_xsim=0.01, lambda_zsim=0.01, epsilon=0.01, early_stop=True, xsim_thr=150.0, lambda_y=0.7, project=True, startpoint='none', mixup=True, precode_size=256, beta=0.001, aug_list='21-13-3+7-4-15', method='non-iid', TotalDevNum=10, DevNum=9, n_data=2000, Pro_dev=5, device_id=-1)
Currently evaluating -------------------------------:
CPUs: 24, GPUs: 1 on ubuntu.
GPU : NVIDIA GeForce RTX 4090
<class 'torchvision.datasets.cifar.CIFAR10'>
Device  9 	 Train loss 1.0727 	 LR 0.0099 	 Train images 4000 	 Round   1
Device  9 	 Train loss 1.0210 	 LR 0.0098 	 Train images 4000 	 Round   2
Device  9 	 Train loss 0.7147 	 LR 0.0097 	 Train images 4000 	 Round   3
Device  9 	 Train loss 1.1004 	 LR 0.0096 	 Train images 4000 	 Round   4
Device  9 	 Train loss 0.6932 	 LR 0.0095 	 Train images 4000 	 Round   5
Device  9 	 Train loss 0.8159 	 LR 0.0094 	 Train images 4000 	 Round   6
Device  9 	 Train loss 0.6637 	 LR 0.0093 	 Train images 4000 	 Round   7
Device  9 	 Train loss 0.7096 	 LR 0.0092 	 Train images 4000 	 Round   8
Device  9 	 Train loss 0.6211 	 LR 0.0091 	 Train images 4000 	 Round   9
Device  9 	 Train loss 0.7266 	 LR 0.0090 	 Train images 4000 	 Round  10
Device  9 	 Train loss 0.6038 	 LR 0.0090 	 Train images 4000 	 Round  11
Device  9 	 Train loss 0.6730 	 LR 0.0089 	 Train images 4000 	 Round  12
Device  9 	 Train loss 0.5898 	 LR 0.0088 	 Train images 4000 	 Round  13
Device  9 	 Train loss 0.6759 	 LR 0.0087 	 Train images 4000 	 Round  14
Device  9 	 Train loss 0.5897 	 LR 0.0086 	 Train images 4000 	 Round  15
Device  9 	 Train loss 0.6372 	 LR 0.0085 	 Train images 4000 	 Round  16
Device  9 	 Train loss 0.5890 	 LR 0.0084 	 Train images 4000 	 Round  17
Device  9 	 Train loss 0.6244 	 LR 0.0083 	 Train images 4000 	 Round  18
Device  9 	 Train loss 0.5865 	 LR 0.0083 	 Train images 4000 	 Round  19
Device  9 	 Train loss 0.6185 	 LR 0.0082 	 Train images 4000 	 Round  20
Device  9 	 Train loss 0.5750 	 LR 0.0081 	 Train images 4000 	 Round  21
Device  9 	 Train loss 0.6150 	 LR 0.0080 	 Train images 4000 	 Round  22
Device  9 	 Train loss 0.5745 	 LR 0.0079 	 Train images 4000 	 Round  23
Device  9 	 Train loss 0.5995 	 LR 0.0079 	 Train images 4000 	 Round  24
Device  9 	 Train loss 0.5712 	 LR 0.0078 	 Train images 4000 	 Round  25
Device  9 	 Train loss 0.5943 	 LR 0.0077 	 Train images 4000 	 Round  26
Device  9 	 Train loss 0.5714 	 LR 0.0076 	 Train images 4000 	 Round  27
Device  9 	 Train loss 0.5853 	 LR 0.0075 	 Train images 4000 	 Round  28
Device  9 	 Train loss 0.5754 	 LR 0.0075 	 Train images 4000 	 Round  29
Device  9 	 Train loss 0.7340 	 LR 0.0010 	 Train images 4000 	 Round  30
Device  9 	 Train loss 0.6846 	 LR 0.0010 	 Train images 4000 	 Round  31
Device  9 	 Train loss 0.6810 	 LR 0.0010 	 Train images 4000 	 Round  32
Device  9 	 Train loss 0.6771 	 LR 0.0010 	 Train images 4000 	 Round  33
Device  9 	 Train loss 0.6731 	 LR 0.0010 	 Train images 4000 	 Round  34
Device  9 	 Train loss 0.6754 	 LR 0.0010 	 Train images 4000 	 Round  35
Device  9 	 Train loss 0.6704 	 LR 0.0009 	 Train images 4000 	 Round  36
Device  9 	 Train loss 0.6732 	 LR 0.0009 	 Train images 4000 	 Round  37
Device  9 	 Train loss 0.6761 	 LR 0.0009 	 Train images 4000 	 Round  38
Device  9 	 Train loss 0.6665 	 LR 0.0009 	 Train images 4000 	 Round  39
Device  9 	 Train loss 0.6689 	 LR 0.0009 	 Train images 4000 	 Round  40
Device  9 	 Train loss 0.6632 	 LR 0.0009 	 Train images 4000 	 Round  41
Device  9 	 Train loss 0.6623 	 LR 0.0009 	 Train images 4000 	 Round  42
Device  9 	 Train loss 0.6682 	 LR 0.0009 	 Train images 4000 	 Round  43
Device  9 	 Train loss 0.6636 	 LR 0.0009 	 Train images 4000 	 Round  44
Device  9 	 Train loss 0.6639 	 LR 0.0009 	 Train images 4000 	 Round  45
Device  9 	 Train loss 0.6646 	 LR 0.0009 	 Train images 4000 	 Round  46
Device  9 	 Train loss 0.6601 	 LR 0.0008 	 Train images 4000 	 Round  47
Device  9 	 Train loss 0.6657 	 LR 0.0008 	 Train images 4000 	 Round  48
Device  9 	 Train loss 0.6701 	 LR 0.0008 	 Train images 4000 	 Round  49
Device  9 	 Train loss 0.6584 	 LR 0.0008 	 Train images 4000 	 Round  50
Defense dp on Dataset CIFAR10.
Finished computations with time: 0:17:06.357046

Namespace(seed=42, output_dir='./logs', demo=False, pretrained=False, train_lr=0.01, root='/home/lgd/Desktop/SNNFL/datasets', dataset='CIFAR10', num_workers=2, batch_size=64, num_sen=64, defense='dp', attack='gs', percent_num=70, layer_num=6, noise_name='Gaussian', loc=0.0, scale=0.001, per_adv=1, dcs_iter=1000, dcs_lr=0.1, lambda_xsim=0.01, lambda_zsim=0.01, epsilon=0.01, early_stop=True, xsim_thr=150.0, lambda_y=0.7, project=True, startpoint='none', mixup=True, precode_size=256, beta=0.001, aug_list='21-13-3+7-4-15', method='non-iid', TotalDevNum=10, DevNum=9, n_data=2000, Pro_dev=5, device_id=-1)
Currently evaluating -------------------------------:
CPUs: 24, GPUs: 1 on ubuntu.
GPU : NVIDIA GeForce RTX 4090
<class 'torchvision.datasets.cifar.CIFAR10'>
Device  9 	 Train loss 1.0727 	 LR 0.0099 	 Train images 4000 	 Round   1
Device  9 	 Train loss 1.0210 	 LR 0.0098 	 Train images 4000 	 Round   2
Device  9 	 Train loss 0.7147 	 LR 0.0097 	 Train images 4000 	 Round   3
Device  9 	 Train loss 1.1004 	 LR 0.0096 	 Train images 4000 	 Round   4
Device  9 	 Train loss 0.6933 	 LR 0.0095 	 Train images 4000 	 Round   5
Device  9 	 Train loss 0.8159 	 LR 0.0094 	 Train images 4000 	 Round   6
Device  9 	 Train loss 0.6637 	 LR 0.0093 	 Train images 4000 	 Round   7
Device  9 	 Train loss 0.7096 	 LR 0.0092 	 Train images 4000 	 Round   8
Device  9 	 Train loss 0.6211 	 LR 0.0091 	 Train images 4000 	 Round   9
Device  9 	 Train loss 0.7266 	 LR 0.0090 	 Train images 4000 	 Round  10
Device  9 	 Train loss 0.6038 	 LR 0.0090 	 Train images 4000 	 Round  11
Device  9 	 Train loss 0.6730 	 LR 0.0089 	 Train images 4000 	 Round  12
Device  9 	 Train loss 0.5898 	 LR 0.0088 	 Train images 4000 	 Round  13
Device  9 	 Train loss 0.6759 	 LR 0.0087 	 Train images 4000 	 Round  14
Device  9 	 Train loss 0.5897 	 LR 0.0086 	 Train images 4000 	 Round  15
Device  9 	 Train loss 0.6372 	 LR 0.0085 	 Train images 4000 	 Round  16
Device  9 	 Train loss 0.5890 	 LR 0.0084 	 Train images 4000 	 Round  17
Device  9 	 Train loss 0.6244 	 LR 0.0083 	 Train images 4000 	 Round  18
Device  9 	 Train loss 0.5865 	 LR 0.0083 	 Train images 4000 	 Round  19
Device  9 	 Train loss 0.6185 	 LR 0.0082 	 Train images 4000 	 Round  20
Device  9 	 Train loss 0.5750 	 LR 0.0081 	 Train images 4000 	 Round  21
Device  9 	 Train loss 0.6150 	 LR 0.0080 	 Train images 4000 	 Round  22
Device  9 	 Train loss 0.5745 	 LR 0.0079 	 Train images 4000 	 Round  23
Device  9 	 Train loss 0.5995 	 LR 0.0079 	 Train images 4000 	 Round  24
Device  9 	 Train loss 0.5712 	 LR 0.0078 	 Train images 4000 	 Round  25
Device  9 	 Train loss 0.5943 	 LR 0.0077 	 Train images 4000 	 Round  26
Device  9 	 Train loss 0.5714 	 LR 0.0076 	 Train images 4000 	 Round  27
Device  9 	 Train loss 0.5853 	 LR 0.0075 	 Train images 4000 	 Round  28
Device  9 	 Train loss 0.5754 	 LR 0.0075 	 Train images 4000 	 Round  29
Device  9 	 Train loss 0.7340 	 LR 0.0010 	 Train images 4000 	 Round  30
Device  9 	 Train loss 0.6847 	 LR 0.0010 	 Train images 4000 	 Round  31
Device  9 	 Train loss 0.6810 	 LR 0.0010 	 Train images 4000 	 Round  32
Device  9 	 Train loss 0.6771 	 LR 0.0010 	 Train images 4000 	 Round  33
Device  9 	 Train loss 0.6731 	 LR 0.0010 	 Train images 4000 	 Round  34
Device  9 	 Train loss 0.6754 	 LR 0.0010 	 Train images 4000 	 Round  35
Device  9 	 Train loss 0.6704 	 LR 0.0009 	 Train images 4000 	 Round  36
Device  9 	 Train loss 0.6732 	 LR 0.0009 	 Train images 4000 	 Round  37
Device  9 	 Train loss 0.6761 	 LR 0.0009 	 Train images 4000 	 Round  38
Device  9 	 Train loss 0.6665 	 LR 0.0009 	 Train images 4000 	 Round  39
Device  9 	 Train loss 0.6689 	 LR 0.0009 	 Train images 4000 	 Round  40
Device  9 	 Train loss 0.6632 	 LR 0.0009 	 Train images 4000 	 Round  41
Device  9 	 Train loss 0.6623 	 LR 0.0009 	 Train images 4000 	 Round  42
Device  9 	 Train loss 0.6682 	 LR 0.0009 	 Train images 4000 	 Round  43
Device  9 	 Train loss 0.6636 	 LR 0.0009 	 Train images 4000 	 Round  44
Device  9 	 Train loss 0.6639 	 LR 0.0009 	 Train images 4000 	 Round  45
Device  9 	 Train loss 0.6646 	 LR 0.0009 	 Train images 4000 	 Round  46
Device  9 	 Train loss 0.6601 	 LR 0.0008 	 Train images 4000 	 Round  47
Device  9 	 Train loss 0.6657 	 LR 0.0008 	 Train images 4000 	 Round  48
Device  9 	 Train loss 0.6701 	 LR 0.0008 	 Train images 4000 	 Round  49
Device  9 	 Train loss 0.6584 	 LR 0.0008 	 Train images 4000 	 Round  50
Defense dp on Dataset CIFAR10.
Finished computations with time: 0:17:05.931464

Namespace(seed=42, output_dir='./logs', demo=False, pretrained=False, train_lr=0.01, root='/home/lgd/Desktop/SNNFL/datasets', dataset='CIFAR10', num_workers=2, batch_size=64, num_sen=64, defense='dp', attack='gs', percent_num=70, layer_num=6, noise_name='Gaussian', loc=0.0, scale=0.01, per_adv=1, dcs_iter=1000, dcs_lr=0.1, lambda_xsim=0.01, lambda_zsim=0.01, epsilon=0.01, early_stop=True, xsim_thr=150.0, lambda_y=0.7, project=True, startpoint='none', mixup=True, precode_size=256, beta=0.001, aug_list='21-13-3+7-4-15', method='non-iid', TotalDevNum=10, DevNum=9, n_data=2000, Pro_dev=5, device_id=-1)
Currently evaluating -------------------------------:
CPUs: 24, GPUs: 1 on ubuntu.
GPU : NVIDIA GeForce RTX 4090
<class 'torchvision.datasets.cifar.CIFAR10'>
Device  9 	 Train loss 1.0727 	 LR 0.0099 	 Train images 4000 	 Round   1
Device  9 	 Train loss 1.0210 	 LR 0.0098 	 Train images 4000 	 Round   2
Device  9 	 Train loss 0.7147 	 LR 0.0097 	 Train images 4000 	 Round   3
Device  9 	 Train loss 1.1004 	 LR 0.0096 	 Train images 4000 	 Round   4
Device  9 	 Train loss 0.6933 	 LR 0.0095 	 Train images 4000 	 Round   5
Device  9 	 Train loss 0.8159 	 LR 0.0094 	 Train images 4000 	 Round   6
Device  9 	 Train loss 0.6637 	 LR 0.0093 	 Train images 4000 	 Round   7
Device  9 	 Train loss 0.7096 	 LR 0.0092 	 Train images 4000 	 Round   8
Device  9 	 Train loss 0.6211 	 LR 0.0091 	 Train images 4000 	 Round   9
Device  9 	 Train loss 0.7266 	 LR 0.0090 	 Train images 4000 	 Round  10
Device  9 	 Train loss 0.6038 	 LR 0.0090 	 Train images 4000 	 Round  11
Device  9 	 Train loss 0.6730 	 LR 0.0089 	 Train images 4000 	 Round  12
Device  9 	 Train loss 0.5898 	 LR 0.0088 	 Train images 4000 	 Round  13
Device  9 	 Train loss 0.6759 	 LR 0.0087 	 Train images 4000 	 Round  14
Device  9 	 Train loss 0.5897 	 LR 0.0086 	 Train images 4000 	 Round  15
Device  9 	 Train loss 0.6372 	 LR 0.0085 	 Train images 4000 	 Round  16
Device  9 	 Train loss 0.5890 	 LR 0.0084 	 Train images 4000 	 Round  17
Device  9 	 Train loss 0.6244 	 LR 0.0083 	 Train images 4000 	 Round  18
Device  9 	 Train loss 0.5865 	 LR 0.0083 	 Train images 4000 	 Round  19
Device  9 	 Train loss 0.6185 	 LR 0.0082 	 Train images 4000 	 Round  20
Device  9 	 Train loss 0.5750 	 LR 0.0081 	 Train images 4000 	 Round  21
Device  9 	 Train loss 0.6150 	 LR 0.0080 	 Train images 4000 	 Round  22
Device  9 	 Train loss 0.5745 	 LR 0.0079 	 Train images 4000 	 Round  23
Device  9 	 Train loss 0.5995 	 LR 0.0079 	 Train images 4000 	 Round  24
Device  9 	 Train loss 0.5712 	 LR 0.0078 	 Train images 4000 	 Round  25
Device  9 	 Train loss 0.5943 	 LR 0.0077 	 Train images 4000 	 Round  26
Device  9 	 Train loss 0.5714 	 LR 0.0076 	 Train images 4000 	 Round  27
Device  9 	 Train loss 0.5853 	 LR 0.0075 	 Train images 4000 	 Round  28
Device  9 	 Train loss 0.5754 	 LR 0.0075 	 Train images 4000 	 Round  29
Device  9 	 Train loss 0.7340 	 LR 0.0010 	 Train images 4000 	 Round  30
Device  9 	 Train loss 0.6846 	 LR 0.0010 	 Train images 4000 	 Round  31
Device  9 	 Train loss 0.6810 	 LR 0.0010 	 Train images 4000 	 Round  32
Device  9 	 Train loss 0.6771 	 LR 0.0010 	 Train images 4000 	 Round  33
Device  9 	 Train loss 0.6731 	 LR 0.0010 	 Train images 4000 	 Round  34
Device  9 	 Train loss 0.6754 	 LR 0.0010 	 Train images 4000 	 Round  35
Device  9 	 Train loss 0.6704 	 LR 0.0009 	 Train images 4000 	 Round  36
Device  9 	 Train loss 0.6732 	 LR 0.0009 	 Train images 4000 	 Round  37
Device  9 	 Train loss 0.6761 	 LR 0.0009 	 Train images 4000 	 Round  38
Device  9 	 Train loss 0.6665 	 LR 0.0009 	 Train images 4000 	 Round  39
Device  9 	 Train loss 0.6689 	 LR 0.0009 	 Train images 4000 	 Round  40
Device  9 	 Train loss 0.6632 	 LR 0.0009 	 Train images 4000 	 Round  41
Device  9 	 Train loss 0.6623 	 LR 0.0009 	 Train images 4000 	 Round  42
Device  9 	 Train loss 0.6682 	 LR 0.0009 	 Train images 4000 	 Round  43
Device  9 	 Train loss 0.6636 	 LR 0.0009 	 Train images 4000 	 Round  44
Device  9 	 Train loss 0.6639 	 LR 0.0009 	 Train images 4000 	 Round  45
Device  9 	 Train loss 0.6646 	 LR 0.0009 	 Train images 4000 	 Round  46
Device  9 	 Train loss 0.6601 	 LR 0.0008 	 Train images 4000 	 Round  47
Device  9 	 Train loss 0.6657 	 LR 0.0008 	 Train images 4000 	 Round  48
Device  9 	 Train loss 0.6701 	 LR 0.0008 	 Train images 4000 	 Round  49
Device  9 	 Train loss 0.6584 	 LR 0.0008 	 Train images 4000 	 Round  50
Defense dp on Dataset CIFAR10.
Finished computations with time: 0:17:05.866903

Namespace(seed=40, output_dir='./logs', demo=False, pretrained=False, train_lr=0.01, root='/home/lgd/Desktop/SNNFL/datasets', dataset='CIFAR10', num_workers=2, batch_size=64, num_sen=64, defense='dp', attack='gs', percent_num=70, layer_num=6, noise_name='Gaussian', loc=0.0, scale=0.001, per_adv=1, dcs_iter=1000, dcs_lr=0.1, lambda_xsim=0.01, lambda_zsim=0.01, epsilon=0.01, early_stop=True, xsim_thr=150.0, lambda_y=0.7, project=True, startpoint='none', mixup=True, precode_size=256, beta=0.001, aug_list='21-13-3+7-4-15', method='non-iid', TotalDevNum=10, DevNum=9, n_data=2000, Pro_dev=5, device_id=-1)
Currently evaluating -------------------------------:
CPUs: 24, GPUs: 1 on ubuntu.
GPU : NVIDIA GeForce RTX 4090
<class 'torchvision.datasets.cifar.CIFAR10'>
Device  9 	 Train loss 1.0532 	 LR 0.0099 	 Train images 4000 	 Round   1
Device  9 	 Train loss 0.7803 	 LR 0.0098 	 Train images 4000 	 Round   2
Device  9 	 Train loss 0.5513 	 LR 0.0097 	 Train images 4000 	 Round   3
Device  9 	 Train loss 0.5883 	 LR 0.0096 	 Train images 4000 	 Round   4
Device  9 	 Train loss 0.5098 	 LR 0.0095 	 Train images 4000 	 Round   5
Device  9 	 Train loss 0.6349 	 LR 0.0094 	 Train images 4000 	 Round   6
Device  9 	 Train loss 0.4984 	 LR 0.0093 	 Train images 4000 	 Round   7
Device  9 	 Train loss 0.5962 	 LR 0.0092 	 Train images 4000 	 Round   8
Device  9 	 Train loss 0.4696 	 LR 0.0091 	 Train images 4000 	 Round   9
Device  9 	 Train loss 0.5257 	 LR 0.0090 	 Train images 4000 	 Round  10
Device  9 	 Train loss 0.4500 	 LR 0.0090 	 Train images 4000 	 Round  11
Device  9 	 Train loss 0.4980 	 LR 0.0089 	 Train images 4000 	 Round  12
Device  9 	 Train loss 0.4196 	 LR 0.0088 	 Train images 4000 	 Round  13
Device  9 	 Train loss 0.4818 	 LR 0.0087 	 Train images 4000 	 Round  14
Device  9 	 Train loss 0.4124 	 LR 0.0086 	 Train images 4000 	 Round  15
Device  9 	 Train loss 0.4793 	 LR 0.0085 	 Train images 4000 	 Round  16
Device  9 	 Train loss 0.3935 	 LR 0.0084 	 Train images 4000 	 Round  17
Device  9 	 Train loss 0.4466 	 LR 0.0083 	 Train images 4000 	 Round  18
Device  9 	 Train loss 0.3804 	 LR 0.0083 	 Train images 4000 	 Round  19
Device  9 	 Train loss 0.4345 	 LR 0.0082 	 Train images 4000 	 Round  20
Device  9 	 Train loss 0.3821 	 LR 0.0081 	 Train images 4000 	 Round  21
Device  9 	 Train loss 0.4200 	 LR 0.0080 	 Train images 4000 	 Round  22
Device  9 	 Train loss 0.3687 	 LR 0.0079 	 Train images 4000 	 Round  23
Device  9 	 Train loss 0.4131 	 LR 0.0079 	 Train images 4000 	 Round  24
Device  9 	 Train loss 0.3581 	 LR 0.0078 	 Train images 4000 	 Round  25
Device  9 	 Train loss 0.4032 	 LR 0.0077 	 Train images 4000 	 Round  26
Device  9 	 Train loss 0.3601 	 LR 0.0076 	 Train images 4000 	 Round  27
Device  9 	 Train loss 0.4043 	 LR 0.0075 	 Train images 4000 	 Round  28
Device  9 	 Train loss 0.3654 	 LR 0.0075 	 Train images 4000 	 Round  29
Device  9 	 Train loss 0.5985 	 LR 0.0010 	 Train images 4000 	 Round  30
Device  9 	 Train loss 0.4756 	 LR 0.0010 	 Train images 4000 	 Round  31
Device  9 	 Train loss 0.4568 	 LR 0.0010 	 Train images 4000 	 Round  32
Device  9 	 Train loss 0.4508 	 LR 0.0010 	 Train images 4000 	 Round  33
Device  9 	 Train loss 0.4488 	 LR 0.0010 	 Train images 4000 	 Round  34
Device  9 	 Train loss 0.4458 	 LR 0.0010 	 Train images 4000 	 Round  35
Device  9 	 Train loss 0.4370 	 LR 0.0009 	 Train images 4000 	 Round  36
Device  9 	 Train loss 0.4362 	 LR 0.0009 	 Train images 4000 	 Round  37
Device  9 	 Train loss 0.4368 	 LR 0.0009 	 Train images 4000 	 Round  38
Device  9 	 Train loss 0.4345 	 LR 0.0009 	 Train images 4000 	 Round  39
Device  9 	 Train loss 0.4305 	 LR 0.0009 	 Train images 4000 	 Round  40
Device  9 	 Train loss 0.4308 	 LR 0.0009 	 Train images 4000 	 Round  41
Device  9 	 Train loss 0.4305 	 LR 0.0009 	 Train images 4000 	 Round  42
Device  9 	 Train loss 0.4303 	 LR 0.0009 	 Train images 4000 	 Round  43
Device  9 	 Train loss 0.4294 	 LR 0.0009 	 Train images 4000 	 Round  44
Device  9 	 Train loss 0.4260 	 LR 0.0009 	 Train images 4000 	 Round  45
Device  9 	 Train loss 0.4243 	 LR 0.0009 	 Train images 4000 	 Round  46
Device  9 	 Train loss 0.4248 	 LR 0.0008 	 Train images 4000 	 Round  47
Device  9 	 Train loss 0.4257 	 LR 0.0008 	 Train images 4000 	 Round  48
Device  9 	 Train loss 0.4248 	 LR 0.0008 	 Train images 4000 	 Round  49
Device  9 	 Train loss 0.4249 	 LR 0.0008 	 Train images 4000 	 Round  50
Defense dp on Dataset CIFAR10.
Finished computations with time: 0:17:08.572068

Namespace(seed=42, output_dir='./logs', demo=False, pretrained=False, train_lr=0.01, root='/home/lgd/Desktop/SNNFL/datasets', dataset='CIFAR10', num_workers=2, batch_size=64, num_sen=64, defense='dp', attack='gs', percent_num=70, layer_num=6, noise_name='Gaussian', loc=0.0, scale=0.001, per_adv=1, dcs_iter=1000, dcs_lr=0.1, lambda_xsim=0.01, lambda_zsim=0.01, epsilon=0.01, early_stop=True, xsim_thr=150.0, lambda_y=0.7, project=True, startpoint='none', mixup=True, precode_size=256, beta=0.001, aug_list='21-13-3+7-4-15', method='non-iid', TotalDevNum=10, DevNum=9, n_data=2000, Pro_dev=5, device_id=-1)
Currently evaluating -------------------------------:
CPUs: 24, GPUs: 1 on ubuntu.
GPU : NVIDIA GeForce RTX 4090
<class 'torchvision.datasets.cifar.CIFAR10'>
Device  9 	 Train loss 0.8519 	 LR 0.0099 	 Train images 4000 	 Round   1
Device  9 	 Train loss 1.1129 	 LR 0.0098 	 Train images 4000 	 Round   2
Device  9 	 Train loss 0.6951 	 LR 0.0097 	 Train images 4000 	 Round   3
Device  9 	 Train loss 0.9955 	 LR 0.0096 	 Train images 4000 	 Round   4
Device  9 	 Train loss 0.6047 	 LR 0.0095 	 Train images 4000 	 Round   5
Device  9 	 Train loss 0.6809 	 LR 0.0094 	 Train images 4000 	 Round   6
Device  9 	 Train loss 0.4764 	 LR 0.0093 	 Train images 4000 	 Round   7
Device  9 	 Train loss 0.7507 	 LR 0.0092 	 Train images 4000 	 Round   8
Device  9 	 Train loss 0.4464 	 LR 0.0091 	 Train images 4000 	 Round   9
Device  9 	 Train loss 0.5779 	 LR 0.0090 	 Train images 4000 	 Round  10
Device  9 	 Train loss 0.4458 	 LR 0.0090 	 Train images 4000 	 Round  11
Device  9 	 Train loss 0.5783 	 LR 0.0089 	 Train images 4000 	 Round  12
Device  9 	 Train loss 0.3866 	 LR 0.0088 	 Train images 4000 	 Round  13
Device  9 	 Train loss 0.5219 	 LR 0.0087 	 Train images 4000 	 Round  14
Device  9 	 Train loss 0.3440 	 LR 0.0086 	 Train images 4000 	 Round  15
Device  9 	 Train loss 0.4878 	 LR 0.0085 	 Train images 4000 	 Round  16
Device  9 	 Train loss 0.3347 	 LR 0.0084 	 Train images 4000 	 Round  17
Device  9 	 Train loss 0.4678 	 LR 0.0083 	 Train images 4000 	 Round  18
Device  9 	 Train loss 0.3168 	 LR 0.0083 	 Train images 4000 	 Round  19
Device  9 	 Train loss 0.4716 	 LR 0.0082 	 Train images 4000 	 Round  20
Device  9 	 Train loss 0.2717 	 LR 0.0081 	 Train images 4000 	 Round  21
Device  9 	 Train loss 0.4524 	 LR 0.0080 	 Train images 4000 	 Round  22
Device  9 	 Train loss 0.2705 	 LR 0.0079 	 Train images 4000 	 Round  23
Device  9 	 Train loss 0.3890 	 LR 0.0079 	 Train images 4000 	 Round  24
Device  9 	 Train loss 0.2512 	 LR 0.0078 	 Train images 4000 	 Round  25
Device  9 	 Train loss 0.3569 	 LR 0.0077 	 Train images 4000 	 Round  26
Device  9 	 Train loss 0.2213 	 LR 0.0076 	 Train images 4000 	 Round  27
Device  9 	 Train loss 0.3320 	 LR 0.0075 	 Train images 4000 	 Round  28
Device  9 	 Train loss 0.2056 	 LR 0.0075 	 Train images 4000 	 Round  29
Device  9 	 Train loss 0.4462 	 LR 0.0010 	 Train images 4000 	 Round  30
Device  9 	 Train loss 0.2262 	 LR 0.0010 	 Train images 4000 	 Round  31
Device  9 	 Train loss 0.1835 	 LR 0.0010 	 Train images 4000 	 Round  32
Device  9 	 Train loss 0.1652 	 LR 0.0010 	 Train images 4000 	 Round  33
Device  9 	 Train loss 0.1547 	 LR 0.0010 	 Train images 4000 	 Round  34
Device  9 	 Train loss 0.1515 	 LR 0.0010 	 Train images 4000 	 Round  35
Device  9 	 Train loss 0.1393 	 LR 0.0009 	 Train images 4000 	 Round  36
Device  9 	 Train loss 0.1383 	 LR 0.0009 	 Train images 4000 	 Round  37
Device  9 	 Train loss 0.1316 	 LR 0.0009 	 Train images 4000 	 Round  38
Device  9 	 Train loss 0.1200 	 LR 0.0009 	 Train images 4000 	 Round  39
Device  9 	 Train loss 0.1129 	 LR 0.0009 	 Train images 4000 	 Round  40
Device  9 	 Train loss 0.1088 	 LR 0.0009 	 Train images 4000 	 Round  41
Device  9 	 Train loss 0.1010 	 LR 0.0009 	 Train images 4000 	 Round  42
Device  9 	 Train loss 0.0958 	 LR 0.0009 	 Train images 4000 	 Round  43
Device  9 	 Train loss 0.0951 	 LR 0.0009 	 Train images 4000 	 Round  44
Device  9 	 Train loss 0.0915 	 LR 0.0009 	 Train images 4000 	 Round  45
Device  9 	 Train loss 0.0855 	 LR 0.0009 	 Train images 4000 	 Round  46
Device  9 	 Train loss 0.0829 	 LR 0.0008 	 Train images 4000 	 Round  47
Device  9 	 Train loss 0.0796 	 LR 0.0008 	 Train images 4000 	 Round  48
Device  9 	 Train loss 0.0768 	 LR 0.0008 	 Train images 4000 	 Round  49
Device  9 	 Train loss 0.0734 	 LR 0.0008 	 Train images 4000 	 Round  50
Defense dp on Dataset CIFAR10.
Finished computations with time: 0:22:05.196207

Namespace(seed=42, output_dir='./logs', demo=False, pretrained=False, train_lr=0.01, root='/home/lgd/Desktop/SNNFL/datasets', dataset='CIFAR10', num_workers=2, batch_size=64, num_sen=64, defense='dp', attack='gs', percent_num=70, layer_num=6, noise_name='Gaussian', loc=0.0, scale=0.001, per_adv=1, dcs_iter=1000, dcs_lr=0.1, lambda_xsim=0.01, lambda_zsim=0.01, epsilon=0.01, early_stop=True, xsim_thr=150.0, lambda_y=0.7, project=True, startpoint='none', mixup=True, precode_size=256, beta=0.001, aug_list='21-13-3+7-4-15', method='non-iid', TotalDevNum=10, DevNum=9, n_data=2000, Pro_dev=5, device_id=-1)
Currently evaluating -------------------------------:
CPUs: 24, GPUs: 1 on ubuntu.
GPU : NVIDIA GeForce RTX 4090
<class 'torchvision.datasets.cifar.CIFAR10'>
Device  9 	 Train loss 0.8519 	 LR 0.0099 	 Train images 4000 	 Round   1
Device  9 	 Train loss 1.1128 	 LR 0.0098 	 Train images 4000 	 Round   2
Device  9 	 Train loss 0.7393 	 LR 0.0097 	 Train images 4000 	 Round   3
Device  9 	 Train loss 1.1033 	 LR 0.0096 	 Train images 4000 	 Round   4
Device  9 	 Train loss 0.6425 	 LR 0.0095 	 Train images 4000 	 Round   5
Device  9 	 Train loss 0.6927 	 LR 0.0094 	 Train images 4000 	 Round   6
Device  9 	 Train loss 0.4971 	 LR 0.0093 	 Train images 4000 	 Round   7
Device  9 	 Train loss 0.6875 	 LR 0.0092 	 Train images 4000 	 Round   8
Device  9 	 Train loss 0.4531 	 LR 0.0091 	 Train images 4000 	 Round   9
Device  9 	 Train loss 0.6164 	 LR 0.0090 	 Train images 4000 	 Round  10
Device  9 	 Train loss 0.4244 	 LR 0.0090 	 Train images 4000 	 Round  11
Device  9 	 Train loss 0.6309 	 LR 0.0089 	 Train images 4000 	 Round  12
Device  9 	 Train loss 0.4078 	 LR 0.0088 	 Train images 4000 	 Round  13
Device  9 	 Train loss 0.5292 	 LR 0.0087 	 Train images 4000 	 Round  14
Device  9 	 Train loss 0.3518 	 LR 0.0086 	 Train images 4000 	 Round  15
Device  9 	 Train loss 0.4858 	 LR 0.0085 	 Train images 4000 	 Round  16
Device  9 	 Train loss 0.3568 	 LR 0.0084 	 Train images 4000 	 Round  17
Device  9 	 Train loss 0.4719 	 LR 0.0083 	 Train images 4000 	 Round  18
Device  9 	 Train loss 0.3270 	 LR 0.0083 	 Train images 4000 	 Round  19
Device  9 	 Train loss 0.4712 	 LR 0.0082 	 Train images 4000 	 Round  20
Device  9 	 Train loss 0.2800 	 LR 0.0081 	 Train images 4000 	 Round  21
Device  9 	 Train loss 0.4504 	 LR 0.0080 	 Train images 4000 	 Round  22
Device  9 	 Train loss 0.2667 	 LR 0.0079 	 Train images 4000 	 Round  23
Device  9 	 Train loss 0.4052 	 LR 0.0079 	 Train images 4000 	 Round  24
Device  9 	 Train loss 0.2451 	 LR 0.0078 	 Train images 4000 	 Round  25
Device  9 	 Train loss 0.3883 	 LR 0.0077 	 Train images 4000 	 Round  26
Device  9 	 Train loss 0.2344 	 LR 0.0076 	 Train images 4000 	 Round  27
Device  9 	 Train loss 0.3583 	 LR 0.0075 	 Train images 4000 	 Round  28
Device  9 	 Train loss 0.2052 	 LR 0.0075 	 Train images 4000 	 Round  29
Device  9 	 Train loss 0.4579 	 LR 0.0010 	 Train images 4000 	 Round  30
Device  9 	 Train loss 0.2373 	 LR 0.0010 	 Train images 4000 	 Round  31
Device  9 	 Train loss 0.1961 	 LR 0.0010 	 Train images 4000 	 Round  32
Device  9 	 Train loss 0.1769 	 LR 0.0010 	 Train images 4000 	 Round  33
Device  9 	 Train loss 0.1654 	 LR 0.0010 	 Train images 4000 	 Round  34
Device  9 	 Train loss 0.1612 	 LR 0.0010 	 Train images 4000 	 Round  35
Device  9 	 Train loss 0.1512 	 LR 0.0009 	 Train images 4000 	 Round  36
Device  9 	 Train loss 0.1455 	 LR 0.0009 	 Train images 4000 	 Round  37
Device  9 	 Train loss 0.1376 	 LR 0.0009 	 Train images 4000 	 Round  38
Device  9 	 Train loss 0.1326 	 LR 0.0009 	 Train images 4000 	 Round  39
Device  9 	 Train loss 0.1213 	 LR 0.0009 	 Train images 4000 	 Round  40
Device  9 	 Train loss 0.1172 	 LR 0.0009 	 Train images 4000 	 Round  41
Device  9 	 Train loss 0.1126 	 LR 0.0009 	 Train images 4000 	 Round  42
Device  9 	 Train loss 0.1079 	 LR 0.0009 	 Train images 4000 	 Round  43
Device  9 	 Train loss 0.1032 	 LR 0.0009 	 Train images 4000 	 Round  44
Device  9 	 Train loss 0.1036 	 LR 0.0009 	 Train images 4000 	 Round  45
Device  9 	 Train loss 0.0951 	 LR 0.0009 	 Train images 4000 	 Round  46
Device  9 	 Train loss 0.0917 	 LR 0.0008 	 Train images 4000 	 Round  47
Device  9 	 Train loss 0.0875 	 LR 0.0008 	 Train images 4000 	 Round  48
Device  9 	 Train loss 0.0853 	 LR 0.0008 	 Train images 4000 	 Round  49
Device  9 	 Train loss 0.0817 	 LR 0.0008 	 Train images 4000 	 Round  50
Defense dp on Dataset CIFAR10.
Finished computations with time: 0:22:03.913293

Namespace(seed=42, output_dir='./logs', demo=False, pretrained=False, train_lr=0.01, root='/home/lgd/Desktop/SNNFL/datasets', dataset='CIFAR10', num_workers=2, batch_size=64, num_sen=64, defense='dp', attack='gs', percent_num=70, layer_num=6, noise_name='Gaussian', loc=0.0, scale=0.001, per_adv=1, dcs_iter=1000, dcs_lr=0.1, lambda_xsim=0.01, lambda_zsim=0.01, epsilon=0.01, early_stop=True, xsim_thr=150.0, lambda_y=0.7, project=True, startpoint='none', mixup=True, precode_size=256, beta=0.001, aug_list='21-13-3+7-4-15', method='non-iid', TotalDevNum=10, DevNum=9, n_data=2000, Pro_dev=5, device_id=-1)
Currently evaluating -------------------------------:
CPUs: 24, GPUs: 1 on ubuntu.
GPU : NVIDIA GeForce RTX 4090
<class 'torchvision.datasets.cifar.CIFAR10'>
Device  9 	 Train loss 0.8519 	 LR 0.0099 	 Train images 4000 	 Round   1
Device  9 	 Train loss 1.1088 	 LR 0.0098 	 Train images 4000 	 Round   2
Device  9 	 Train loss 0.6994 	 LR 0.0097 	 Train images 4000 	 Round   3
Device  9 	 Train loss 0.9090 	 LR 0.0096 	 Train images 4000 	 Round   4
Device  9 	 Train loss 0.5564 	 LR 0.0095 	 Train images 4000 	 Round   5
Device  9 	 Train loss 0.6166 	 LR 0.0094 	 Train images 4000 	 Round   6
Device  9 	 Train loss 0.4941 	 LR 0.0093 	 Train images 4000 	 Round   7
Device  9 	 Train loss 0.7005 	 LR 0.0092 	 Train images 4000 	 Round   8
Device  9 	 Train loss 0.4830 	 LR 0.0091 	 Train images 4000 	 Round   9
Device  9 	 Train loss 0.6757 	 LR 0.0090 	 Train images 4000 	 Round  10
Device  9 	 Train loss 0.4230 	 LR 0.0090 	 Train images 4000 	 Round  11
Device  9 	 Train loss 0.5926 	 LR 0.0089 	 Train images 4000 	 Round  12
Device  9 	 Train loss 0.3865 	 LR 0.0088 	 Train images 4000 	 Round  13
Device  9 	 Train loss 0.5401 	 LR 0.0087 	 Train images 4000 	 Round  14
Device  9 	 Train loss 0.3700 	 LR 0.0086 	 Train images 4000 	 Round  15
Device  9 	 Train loss 0.4816 	 LR 0.0085 	 Train images 4000 	 Round  16
Device  9 	 Train loss 0.3207 	 LR 0.0084 	 Train images 4000 	 Round  17
Device  9 	 Train loss 0.4763 	 LR 0.0083 	 Train images 4000 	 Round  18
Device  9 	 Train loss 0.3126 	 LR 0.0083 	 Train images 4000 	 Round  19
Device  9 	 Train loss 0.4492 	 LR 0.0082 	 Train images 4000 	 Round  20
Device  9 	 Train loss 0.2770 	 LR 0.0081 	 Train images 4000 	 Round  21
Device  9 	 Train loss 0.4216 	 LR 0.0080 	 Train images 4000 	 Round  22
Device  9 	 Train loss 0.2519 	 LR 0.0079 	 Train images 4000 	 Round  23
Device  9 	 Train loss 0.3626 	 LR 0.0079 	 Train images 4000 	 Round  24
Device  9 	 Train loss 0.2748 	 LR 0.0078 	 Train images 4000 	 Round  25
Device  9 	 Train loss 0.3295 	 LR 0.0077 	 Train images 4000 	 Round  26
Device  9 	 Train loss 0.2141 	 LR 0.0076 	 Train images 4000 	 Round  27
Device  9 	 Train loss 0.3092 	 LR 0.0075 	 Train images 4000 	 Round  28
Device  9 	 Train loss 0.1836 	 LR 0.0075 	 Train images 4000 	 Round  29
Device  9 	 Train loss 0.4178 	 LR 0.0010 	 Train images 4000 	 Round  30
Device  9 	 Train loss 0.2109 	 LR 0.0010 	 Train images 4000 	 Round  31
Device  9 	 Train loss 0.1787 	 LR 0.0010 	 Train images 4000 	 Round  32
Device  9 	 Train loss 0.1634 	 LR 0.0010 	 Train images 4000 	 Round  33
Device  9 	 Train loss 0.1495 	 LR 0.0010 	 Train images 4000 	 Round  34
Device  9 	 Train loss 0.1460 	 LR 0.0010 	 Train images 4000 	 Round  35
Device  9 	 Train loss 0.1353 	 LR 0.0009 	 Train images 4000 	 Round  36
Device  9 	 Train loss 0.1371 	 LR 0.0009 	 Train images 4000 	 Round  37
Device  9 	 Train loss 0.1237 	 LR 0.0009 	 Train images 4000 	 Round  38
Device  9 	 Train loss 0.1212 	 LR 0.0009 	 Train images 4000 	 Round  39
Device  9 	 Train loss 0.1140 	 LR 0.0009 	 Train images 4000 	 Round  40
Device  9 	 Train loss 0.1112 	 LR 0.0009 	 Train images 4000 	 Round  41
Device  9 	 Train loss 0.1117 	 LR 0.0009 	 Train images 4000 	 Round  42
Device  9 	 Train loss 0.1067 	 LR 0.0009 	 Train images 4000 	 Round  43
Device  9 	 Train loss 0.1041 	 LR 0.0009 	 Train images 4000 	 Round  44
Device  9 	 Train loss 0.1000 	 LR 0.0009 	 Train images 4000 	 Round  45
Device  9 	 Train loss 0.0897 	 LR 0.0009 	 Train images 4000 	 Round  46
Device  9 	 Train loss 0.0860 	 LR 0.0008 	 Train images 4000 	 Round  47
Device  9 	 Train loss 0.0862 	 LR 0.0008 	 Train images 4000 	 Round  48
Device  9 	 Train loss 0.0814 	 LR 0.0008 	 Train images 4000 	 Round  49
Device  9 	 Train loss 0.0788 	 LR 0.0008 	 Train images 4000 	 Round  50
Device  9 	 Train loss 0.0733 	 LR 0.0008 	 Train images 4000 	 Round  51
Device  9 	 Train loss 0.0738 	 LR 0.0008 	 Train images 4000 	 Round  52
Device  9 	 Train loss 0.0717 	 LR 0.0008 	 Train images 4000 	 Round  53
Device  9 	 Train loss 0.0703 	 LR 0.0008 	 Train images 4000 	 Round  54
Device  9 	 Train loss 0.0684 	 LR 0.0008 	 Train images 4000 	 Round  55
Device  9 	 Train loss 0.0654 	 LR 0.0008 	 Train images 4000 	 Round  56
Device  9 	 Train loss 0.0628 	 LR 0.0008 	 Train images 4000 	 Round  57
Device  9 	 Train loss 0.0593 	 LR 0.0008 	 Train images 4000 	 Round  58
Device  9 	 Train loss 0.0604 	 LR 0.0007 	 Train images 4000 	 Round  59
Device  9 	 Train loss 0.0571 	 LR 0.0007 	 Train images 4000 	 Round  60
Device  9 	 Train loss 0.0553 	 LR 0.0007 	 Train images 4000 	 Round  61
Device  9 	 Train loss 0.0549 	 LR 0.0007 	 Train images 4000 	 Round  62
Device  9 	 Train loss 0.0543 	 LR 0.0007 	 Train images 4000 	 Round  63
Device  9 	 Train loss 0.0519 	 LR 0.0007 	 Train images 4000 	 Round  64
Device  9 	 Train loss 0.0495 	 LR 0.0007 	 Train images 4000 	 Round  65
Device  9 	 Train loss 0.0472 	 LR 0.0007 	 Train images 4000 	 Round  66
Device  9 	 Train loss 0.0476 	 LR 0.0007 	 Train images 4000 	 Round  67
Device  9 	 Train loss 0.0463 	 LR 0.0007 	 Train images 4000 	 Round  68
Device  9 	 Train loss 0.0478 	 LR 0.0007 	 Train images 4000 	 Round  69
Device  9 	 Train loss 0.0451 	 LR 0.0007 	 Train images 4000 	 Round  70
Device  9 	 Train loss 0.0429 	 LR 0.0007 	 Train images 4000 	 Round  71
Device  9 	 Train loss 0.0415 	 LR 0.0007 	 Train images 4000 	 Round  72
Device  9 	 Train loss 0.0395 	 LR 0.0006 	 Train images 4000 	 Round  73
Device  9 	 Train loss 0.0391 	 LR 0.0006 	 Train images 4000 	 Round  74
Device  9 	 Train loss 0.0396 	 LR 0.0006 	 Train images 4000 	 Round  75
Device  9 	 Train loss 0.0389 	 LR 0.0006 	 Train images 4000 	 Round  76
Device  9 	 Train loss 0.0385 	 LR 0.0006 	 Train images 4000 	 Round  77
Device  9 	 Train loss 0.0388 	 LR 0.0006 	 Train images 4000 	 Round  78
Device  9 	 Train loss 0.0369 	 LR 0.0006 	 Train images 4000 	 Round  79
Device  9 	 Train loss 0.0356 	 LR 0.0006 	 Train images 4000 	 Round  80
Device  9 	 Train loss 0.0372 	 LR 0.0006 	 Train images 4000 	 Round  81
Device  9 	 Train loss 0.0348 	 LR 0.0006 	 Train images 4000 	 Round  82
Device  9 	 Train loss 0.0374 	 LR 0.0006 	 Train images 4000 	 Round  83
Device  9 	 Train loss 0.0344 	 LR 0.0006 	 Train images 4000 	 Round  84
Device  9 	 Train loss 0.0346 	 LR 0.0006 	 Train images 4000 	 Round  85
Device  9 	 Train loss 0.0335 	 LR 0.0006 	 Train images 4000 	 Round  86
Device  9 	 Train loss 0.0328 	 LR 0.0006 	 Train images 4000 	 Round  87
Device  9 	 Train loss 0.0343 	 LR 0.0006 	 Train images 4000 	 Round  88
Device  9 	 Train loss 0.0317 	 LR 0.0006 	 Train images 4000 	 Round  89
Device  9 	 Train loss 0.0317 	 LR 0.0005 	 Train images 4000 	 Round  90
Device  9 	 Train loss 0.0315 	 LR 0.0005 	 Train images 4000 	 Round  91
Device  9 	 Train loss 0.0309 	 LR 0.0005 	 Train images 4000 	 Round  92
Device  9 	 Train loss 0.0301 	 LR 0.0005 	 Train images 4000 	 Round  93
Device  9 	 Train loss 0.0300 	 LR 0.0005 	 Train images 4000 	 Round  94
Device  9 	 Train loss 0.0298 	 LR 0.0005 	 Train images 4000 	 Round  95
Device  9 	 Train loss 0.0283 	 LR 0.0005 	 Train images 4000 	 Round  96
Device  9 	 Train loss 0.0299 	 LR 0.0005 	 Train images 4000 	 Round  97
Device  9 	 Train loss 0.0295 	 LR 0.0005 	 Train images 4000 	 Round  98
Device  9 	 Train loss 0.0281 	 LR 0.0005 	 Train images 4000 	 Round  99
Device  9 	 Train loss 0.0294 	 LR 0.0005 	 Train images 4000 	 Round 100
Defense dp on Dataset CIFAR10.
Finished computations with time: 0:36:17.193682

Namespace(seed=42, output_dir='./logs', demo=False, pretrained=False, train_lr=0.01, root='/home/lgd/Desktop/SNNFL/datasets', dataset='CIFAR10', num_workers=2, batch_size=64, num_sen=64, defense='dp', attack='gs', percent_num=70, layer_num=6, noise_name='Gaussian', loc=0.0, scale=0.001, per_adv=1, dcs_iter=1000, dcs_lr=0.1, lambda_xsim=0.01, lambda_zsim=0.01, epsilon=0.01, early_stop=True, xsim_thr=150.0, lambda_y=0.7, project=True, startpoint='none', mixup=True, precode_size=256, beta=0.001, aug_list='21-13-3+7-4-15', method='non-iid', TotalDevNum=10, DevNum=9, n_data=2000, Pro_dev=5, device_id=-1)
Currently evaluating -------------------------------:
CPUs: 24, GPUs: 1 on ubuntu.
GPU : NVIDIA GeForce RTX 4090
<class 'torchvision.datasets.cifar.CIFAR10'>
Device  9 	 Train loss 0.6135 	 LR 0.0092 	 Train images 4000 	 Round   8
Device  9 	 Train loss 1.1355 	 LR 0.0090 	 Train images 4000 	 Round  10
Device  9 	 Train loss 0.6161 	 LR 0.0090 	 Train images 4000 	 Round  11
Device  9 	 Train loss 0.5360 	 LR 0.0089 	 Train images 4000 	 Round  12
Device  9 	 Train loss 0.4950 	 LR 0.0087 	 Train images 4000 	 Round  14
Device  9 	 Train loss 0.6983 	 LR 0.0085 	 Train images 4000 	 Round  16
Device  9 	 Train loss 0.3698 	 LR 0.0084 	 Train images 4000 	 Round  17
Device  9 	 Train loss 0.3576 	 LR 0.0083 	 Train images 4000 	 Round  18
Device  9 	 Train loss 0.3000 	 LR 0.0083 	 Train images 4000 	 Round  19
Device  9 	 Train loss 0.5074 	 LR 0.0081 	 Train images 4000 	 Round  21
Device  9 	 Train loss 0.3014 	 LR 0.0080 	 Train images 4000 	 Round  22
Device  9 	 Train loss 0.3164 	 LR 0.0079 	 Train images 4000 	 Round  24
Device  9 	 Train loss 0.2535 	 LR 0.0078 	 Train images 4000 	 Round  25
Device  9 	 Train loss 0.3547 	 LR 0.0076 	 Train images 4000 	 Round  27
Device  9 	 Train loss 0.2855 	 LR 0.0010 	 Train images 4000 	 Round  30
Device  9 	 Train loss 0.2426 	 LR 0.0010 	 Train images 4000 	 Round  32
Device  9 	 Train loss 0.1515 	 LR 0.0009 	 Train images 4000 	 Round  36
Device  9 	 Train loss 0.1563 	 LR 0.0009 	 Train images 4000 	 Round  37
Device  9 	 Train loss 0.1329 	 LR 0.0009 	 Train images 4000 	 Round  38
Device  9 	 Train loss 0.1061 	 LR 0.0009 	 Train images 4000 	 Round  41
Device  9 	 Train loss 0.1225 	 LR 0.0009 	 Train images 4000 	 Round  44
Device  9 	 Train loss 0.0763 	 LR 0.0009 	 Train images 4000 	 Round  45
Device  9 	 Train loss 0.0928 	 LR 0.0009 	 Train images 4000 	 Round  46
Device  9 	 Train loss 0.1284 	 LR 0.0008 	 Train images 4000 	 Round  48
Device  9 	 Train loss 0.0854 	 LR 0.0008 	 Train images 4000 	 Round  49
Device  9 	 Train loss 0.0647 	 LR 0.0008 	 Train images 4000 	 Round  50
Device  9 	 Train loss 0.0718 	 LR 0.0008 	 Train images 4000 	 Round  51
Device  9 	 Train loss 0.0630 	 LR 0.0008 	 Train images 4000 	 Round  52
Device  9 	 Train loss 0.0707 	 LR 0.0008 	 Train images 4000 	 Round  54
Device  9 	 Train loss 0.0590 	 LR 0.0008 	 Train images 4000 	 Round  55
Device  9 	 Train loss 0.0719 	 LR 0.0008 	 Train images 4000 	 Round  57
Device  9 	 Train loss 0.0520 	 LR 0.0008 	 Train images 4000 	 Round  58
Device  9 	 Train loss 0.0736 	 LR 0.0007 	 Train images 4000 	 Round  59
Device  9 	 Train loss 0.0457 	 LR 0.0007 	 Train images 4000 	 Round  61
Device  9 	 Train loss 0.0491 	 LR 0.0007 	 Train images 4000 	 Round  62
Device  9 	 Train loss 0.0571 	 LR 0.0007 	 Train images 4000 	 Round  64
Device  9 	 Train loss 0.0712 	 LR 0.0007 	 Train images 4000 	 Round  67
Device  9 	 Train loss 0.0434 	 LR 0.0007 	 Train images 4000 	 Round  68
Device  9 	 Train loss 0.0517 	 LR 0.0007 	 Train images 4000 	 Round  70
Device  9 	 Train loss 0.0501 	 LR 0.0007 	 Train images 4000 	 Round  71
Device  9 	 Train loss 0.0666 	 LR 0.0006 	 Train images 4000 	 Round  73
Device  9 	 Train loss 0.0425 	 LR 0.0006 	 Train images 4000 	 Round  74
Device  9 	 Train loss 0.0482 	 LR 0.0006 	 Train images 4000 	 Round  75
Device  9 	 Train loss 0.0510 	 LR 0.0006 	 Train images 4000 	 Round  77
Device  9 	 Train loss 0.0497 	 LR 0.0006 	 Train images 4000 	 Round  79
Device  9 	 Train loss 0.0377 	 LR 0.0006 	 Train images 4000 	 Round  81
Device  9 	 Train loss 0.0322 	 LR 0.0006 	 Train images 4000 	 Round  82
Device  9 	 Train loss 0.0333 	 LR 0.0006 	 Train images 4000 	 Round  85
Device  9 	 Train loss 0.0317 	 LR 0.0006 	 Train images 4000 	 Round  86
Device  9 	 Train loss 0.0273 	 LR 0.0006 	 Train images 4000 	 Round  87
Device  9 	 Train loss 0.0229 	 LR 0.0006 	 Train images 4000 	 Round  89
Device  9 	 Train loss 0.0488 	 LR 0.0005 	 Train images 4000 	 Round  91
Device  9 	 Train loss 0.0281 	 LR 0.0005 	 Train images 4000 	 Round  92
Device  9 	 Train loss 0.0296 	 LR 0.0005 	 Train images 4000 	 Round  93
Device  9 	 Train loss 0.0374 	 LR 0.0005 	 Train images 4000 	 Round  95
Device  9 	 Train loss 0.0329 	 LR 0.0005 	 Train images 4000 	 Round  96
Device  9 	 Train loss 0.0411 	 LR 0.0005 	 Train images 4000 	 Round  97
Device  9 	 Train loss 0.0298 	 LR 0.0005 	 Train images 4000 	 Round  98
Defense dp on Dataset CIFAR10.
Finished computations with time: 0:34:55.854071

Namespace(seed=42, output_dir='./logs', demo=False, pretrained=False, train_lr=0.01, root='/home/lgd/Desktop/SNNFL/datasets', dataset='CIFAR10', num_workers=2, batch_size=64, num_sen=64, defense='dp', attack='gs', percent_num=70, layer_num=6, noise_name='Gaussian', loc=0.0, scale=0.001, per_adv=1, dcs_iter=1000, dcs_lr=0.1, lambda_xsim=0.01, lambda_zsim=0.01, epsilon=0.01, early_stop=True, xsim_thr=150.0, lambda_y=0.7, project=True, startpoint='none', mixup=True, precode_size=256, beta=0.001, aug_list='21-13-3+7-4-15', method='non-iid', TotalDevNum=10, DevNum=9, n_data=2000, Pro_dev=5, device_id=-1)
Currently evaluating -------------------------------:
CPUs: 24, GPUs: 1 on ubuntu.
GPU : NVIDIA GeForce RTX 4090
<class 'torchvision.datasets.cifar.CIFAR10'>
Device  9 	 Train loss 0.8519 	 LR 0.0099 	 Train images 4000 	 Round   1
Device  9 	 Train loss 1.1197 	 LR 0.0098 	 Train images 4000 	 Round   2
Device  9 	 Train loss 0.7113 	 LR 0.0097 	 Train images 4000 	 Round   3
Device  9 	 Train loss 1.0027 	 LR 0.0096 	 Train images 4000 	 Round   4
Device  9 	 Train loss 0.6267 	 LR 0.0095 	 Train images 4000 	 Round   5
Device  9 	 Train loss 0.7085 	 LR 0.0094 	 Train images 4000 	 Round   6
Device  9 	 Train loss 0.4826 	 LR 0.0093 	 Train images 4000 	 Round   7
Device  9 	 Train loss 0.6694 	 LR 0.0091 	 Train images 4000 	 Round   9
Device  9 	 Train loss 0.4467 	 LR 0.0090 	 Train images 4000 	 Round  11
Device  9 	 Train loss 0.4565 	 LR 0.0088 	 Train images 4000 	 Round  13
Device  9 	 Train loss 0.7614 	 LR 0.0087 	 Train images 4000 	 Round  14
Device  9 	 Train loss 0.4588 	 LR 0.0085 	 Train images 4000 	 Round  16
Device  9 	 Train loss 0.3627 	 LR 0.0084 	 Train images 4000 	 Round  17
Device  9 	 Train loss 0.5061 	 LR 0.0080 	 Train images 4000 	 Round  22
Device  9 	 Train loss 0.2883 	 LR 0.0079 	 Train images 4000 	 Round  24
Device  9 	 Train loss 0.3974 	 LR 0.0078 	 Train images 4000 	 Round  25
Device  9 	 Train loss 0.2758 	 LR 0.0077 	 Train images 4000 	 Round  26
Device  9 	 Train loss 0.6113 	 LR 0.0076 	 Train images 4000 	 Round  27
Device  9 	 Train loss 0.2809 	 LR 0.0075 	 Train images 4000 	 Round  29
Device  9 	 Train loss 0.2856 	 LR 0.0010 	 Train images 4000 	 Round  30
Device  9 	 Train loss 0.2501 	 LR 0.0010 	 Train images 4000 	 Round  31
Device  9 	 Train loss 0.2415 	 LR 0.0010 	 Train images 4000 	 Round  33
Device  9 	 Train loss 0.1816 	 LR 0.0010 	 Train images 4000 	 Round  34
Device  9 	 Train loss 0.1629 	 LR 0.0009 	 Train images 4000 	 Round  39
Device  9 	 Train loss 0.1954 	 LR 0.0009 	 Train images 4000 	 Round  40
Device  9 	 Train loss 0.1887 	 LR 0.0009 	 Train images 4000 	 Round  41
Device  9 	 Train loss 0.1775 	 LR 0.0009 	 Train images 4000 	 Round  42
Device  9 	 Train loss 0.1896 	 LR 0.0009 	 Train images 4000 	 Round  44
Device  9 	 Train loss 0.1083 	 LR 0.0009 	 Train images 4000 	 Round  45
Device  9 	 Train loss 0.1127 	 LR 0.0009 	 Train images 4000 	 Round  46
Device  9 	 Train loss 0.1153 	 LR 0.0008 	 Train images 4000 	 Round  47
Device  9 	 Train loss 0.0969 	 LR 0.0008 	 Train images 4000 	 Round  48
Device  9 	 Train loss 0.1055 	 LR 0.0008 	 Train images 4000 	 Round  49
Device  9 	 Train loss 0.0847 	 LR 0.0008 	 Train images 4000 	 Round  50
Device  9 	 Train loss 0.1129 	 LR 0.0008 	 Train images 4000 	 Round  52
Device  9 	 Train loss 0.0874 	 LR 0.0008 	 Train images 4000 	 Round  53
Device  9 	 Train loss 0.0843 	 LR 0.0008 	 Train images 4000 	 Round  54
Device  9 	 Train loss 0.0923 	 LR 0.0008 	 Train images 4000 	 Round  56
Device  9 	 Train loss 0.0835 	 LR 0.0007 	 Train images 4000 	 Round  59
Device  9 	 Train loss 0.0606 	 LR 0.0007 	 Train images 4000 	 Round  60
Device  9 	 Train loss 0.0679 	 LR 0.0007 	 Train images 4000 	 Round  63
Device  9 	 Train loss 0.0773 	 LR 0.0007 	 Train images 4000 	 Round  65
Device  9 	 Train loss 0.0740 	 LR 0.0007 	 Train images 4000 	 Round  70
Device  9 	 Train loss 0.0696 	 LR 0.0007 	 Train images 4000 	 Round  72
Device  9 	 Train loss 0.0438 	 LR 0.0006 	 Train images 4000 	 Round  73
Device  9 	 Train loss 0.0626 	 LR 0.0006 	 Train images 4000 	 Round  75
Device  9 	 Train loss 0.0472 	 LR 0.0006 	 Train images 4000 	 Round  77
Device  9 	 Train loss 0.0801 	 LR 0.0006 	 Train images 4000 	 Round  79
Device  9 	 Train loss 0.0530 	 LR 0.0006 	 Train images 4000 	 Round  81
Device  9 	 Train loss 0.0420 	 LR 0.0006 	 Train images 4000 	 Round  82
Device  9 	 Train loss 0.0449 	 LR 0.0006 	 Train images 4000 	 Round  83
Device  9 	 Train loss 0.0786 	 LR 0.0006 	 Train images 4000 	 Round  86
Device  9 	 Train loss 0.0390 	 LR 0.0006 	 Train images 4000 	 Round  87
Device  9 	 Train loss 0.0576 	 LR 0.0005 	 Train images 4000 	 Round  91
Device  9 	 Train loss 0.0319 	 LR 0.0005 	 Train images 4000 	 Round  92
Device  9 	 Train loss 0.0445 	 LR 0.0005 	 Train images 4000 	 Round  94
Device  9 	 Train loss 0.0414 	 LR 0.0005 	 Train images 4000 	 Round  96
Device  9 	 Train loss 0.0237 	 LR 0.0005 	 Train images 4000 	 Round  97
Device  9 	 Train loss 0.0283 	 LR 0.0005 	 Train images 4000 	 Round  98
Device  9 	 Train loss 0.0331 	 LR 0.0005 	 Train images 4000 	 Round  99
Device  9 	 Train loss 0.0285 	 LR 0.0005 	 Train images 4000 	 Round 100
Defense dp on Dataset CIFAR10.
Finished computations with time: 0:31:31.198895

